client_id	path	sentence	up_votes	down_votes	age	gender	accents	variant	locale	segment
89a110b28009cf4c728e334d874ad7bc9cac4b6365a28fab55c27739fcc04db85a4ff8327342cb6f1b4eef042f511bd1858ce3ba0d2078c692bbd9e80627f2a7	common_voice_vi_21824031.mp3	Sóng trước đổ đâu, sóng sau đổ đó.	1	2	thirties	male			vi	
89a110b28009cf4c728e334d874ad7bc9cac4b6365a28fab55c27739fcc04db85a4ff8327342cb6f1b4eef042f511bd1858ce3ba0d2078c692bbd9e80627f2a7	common_voice_vi_21824032.mp3	mai mày nhớ cho tao đi cùng đấy	0	2	thirties	male			vi	
89a110b28009cf4c728e334d874ad7bc9cac4b6365a28fab55c27739fcc04db85a4ff8327342cb6f1b4eef042f511bd1858ce3ba0d2078c692bbd9e80627f2a7	common_voice_vi_21824033.mp3	Khiến cho Trinh bứt rứt không yên	0	2	thirties	male			vi	
89a110b28009cf4c728e334d874ad7bc9cac4b6365a28fab55c27739fcc04db85a4ff8327342cb6f1b4eef042f511bd1858ce3ba0d2078c692bbd9e80627f2a7	common_voice_vi_21824034.mp3	Tim nghẹt thở linh hồn như hóa đá	0	2	thirties	male			vi	
89a110b28009cf4c728e334d874ad7bc9cac4b6365a28fab55c27739fcc04db85a4ff8327342cb6f1b4eef042f511bd1858ce3ba0d2078c692bbd9e80627f2a7	common_voice_vi_21824047.mp3	A hội nằm nhìn ra bên ngoài có cánh cửa đại mở	1	2	thirties	male			vi	
89a110b28009cf4c728e334d874ad7bc9cac4b6365a28fab55c27739fcc04db85a4ff8327342cb6f1b4eef042f511bd1858ce3ba0d2078c692bbd9e80627f2a7	common_voice_vi_21824048.mp3	và tính học thật khuya	0	2	thirties	male			vi	
89a110b28009cf4c728e334d874ad7bc9cac4b6365a28fab55c27739fcc04db85a4ff8327342cb6f1b4eef042f511bd1858ce3ba0d2078c692bbd9e80627f2a7	common_voice_vi_21824049.mp3	Nên bố em mới đặt lên xe	1	2	thirties	male			vi	
b145cdf41b9a45130c31290e49b2ac27aea210d32de109f09e7bb5ab08a80f42abbf89d07607e18efa7e21719a8487df62036b08633f92ca36427d77e3f9bd28	common_voice_vi_21833212.mp3	Muốn sống tiếp phải theo lời của ta	0	2	twenties	male			vi	
b145cdf41b9a45130c31290e49b2ac27aea210d32de109f09e7bb5ab08a80f42abbf89d07607e18efa7e21719a8487df62036b08633f92ca36427d77e3f9bd28	common_voice_vi_21833265.mp3	Xin cảm ơn quý khán thính giả đã chú ý lắng nghe	0	2	twenties	male			vi	
b145cdf41b9a45130c31290e49b2ac27aea210d32de109f09e7bb5ab08a80f42abbf89d07607e18efa7e21719a8487df62036b08633f92ca36427d77e3f9bd28	common_voice_vi_21833287.mp3	Đàn con thơ dại	0	2	twenties	male			vi	
b145cdf41b9a45130c31290e49b2ac27aea210d32de109f09e7bb5ab08a80f42abbf89d07607e18efa7e21719a8487df62036b08633f92ca36427d77e3f9bd28	common_voice_vi_21833350.mp3	Đã đôi lần trò chuyện có đâu xa	0	2	twenties	male			vi	
673461eb93de76dbd30036ec03f82f4ced0d9da4b9c1605aa353ba123b68c419ac37913500ab4959d1bc6dc863f3448b098c1bc63075d28f42407b4dec50f5c5	common_voice_vi_21882262.mp3	Để cảm ơn trinh thời gian qua đã giúp đỡ mình trong nhiều chuyện	0	2					vi	
673461eb93de76dbd30036ec03f82f4ced0d9da4b9c1605aa353ba123b68c419ac37913500ab4959d1bc6dc863f3448b098c1bc63075d28f42407b4dec50f5c5	common_voice_vi_21882307.mp3	Mẹ chẳng còn gì	1	2					vi	
5492d3d6d95f85dc99ba4a5edba445c2bd9c3acb687d2266757d8eff6e37d445250660934a78f73d1c814e8f5fe9911c158602f3761735eacfe4f4e74e751eeb	common_voice_vi_21965270.mp3	Đó là vào lúc nửa đêm trinh phải cho kuman ăn	1	2	thirties	female			vi	
98f2f3b9da8eb9fcf9dfeff45d23340d728c22ce0a5f6314b266543586ac23e4bcd3589fc43e2ddb57a6365ad100816e8b91c08e3fee0bf2745a6f397caf0fe1	common_voice_vi_22209931.mp3	Phong	1	2					vi	
d6e6d3f48e882e2df7db537f9132de2bfdd1663884bcae4c24e2b77cc3b4913ffcd710ebe920e260ea2997629fcc2ef0ac232cdc24a208f907e23213dc58aa55	common_voice_vi_22344040.mp3	vong thường yếu lắm	1	2					vi	
b85a197dfcf10b65808f91191e86c50bec934fc0c061d81df8e27924ed84afa6e84caecbf7a1f925b006d4735843a47d13e42dec9a1cfb1354c79bf066a97374	common_voice_vi_22381110.mp3	Đàn bà con gái ai cũng có lòng đố kỵ	0	2					vi	
e3e2b2e16592c532ea75a025969fa0ab1159b0ccdf9373dfeed487d4d5da1d8a52755231e23a7a78f934eac723bbdc8301adaf11b9b4d162dfc567f411991418	common_voice_vi_22402324.mp3	thầy cũng nói chờ tuần bốn mươi chín của thảo sẽ làm lễ	1	2	twenties	male			vi	
e3e2b2e16592c532ea75a025969fa0ab1159b0ccdf9373dfeed487d4d5da1d8a52755231e23a7a78f934eac723bbdc8301adaf11b9b4d162dfc567f411991418	common_voice_vi_22417059.mp3	Nó lại có hiệu quả tức thời	1	2	twenties	male			vi	
16b4dc6c79741f5df5147a428bb27ca12e8b27d925925b400b93b19162811a15e79cf9ec01847a28c15ade936fc1e44c288db9bd97ab6ede9f2495e84f027e20	common_voice_vi_22426795.mp3	Em cũng	0	2	twenties	male			vi	
16b4dc6c79741f5df5147a428bb27ca12e8b27d925925b400b93b19162811a15e79cf9ec01847a28c15ade936fc1e44c288db9bd97ab6ede9f2495e84f027e20	common_voice_vi_22426796.mp3	cả hai chúng em ngã ập xuống đường	0	2	twenties	male			vi	
16b4dc6c79741f5df5147a428bb27ca12e8b27d925925b400b93b19162811a15e79cf9ec01847a28c15ade936fc1e44c288db9bd97ab6ede9f2495e84f027e20	common_voice_vi_22426797.mp3	Lời cô ngọt ngào	0	2	twenties	male			vi	
16b4dc6c79741f5df5147a428bb27ca12e8b27d925925b400b93b19162811a15e79cf9ec01847a28c15ade936fc1e44c288db9bd97ab6ede9f2495e84f027e20	common_voice_vi_22426798.mp3	Mày không biết được đâu thiên cơ bất khả lộ	0	2	twenties	male			vi	
16b4dc6c79741f5df5147a428bb27ca12e8b27d925925b400b93b19162811a15e79cf9ec01847a28c15ade936fc1e44c288db9bd97ab6ede9f2495e84f027e20	common_voice_vi_22426799.mp3	Ngoài cầu tài lộc may mắn ra	0	2	twenties	male			vi	
3c3a81bc88f39413ad24bcfd8badfae47c4bfbabe966334c627cc4073c97a4ae3f4c71f211f688892dd76b894c700faf23d7d4bdbd1e8619c420bda8679168e0	common_voice_vi_22493632.mp3	Yêu thương nó hơn	0	2					vi	
1760b9733960c03c8237c260bbe77ff8b0449d6a8828f9f2e08baab0334773f66c497d47a7e40bdf39ef3c393bd29081616deca56092d63674accdd5b30589f8	common_voice_vi_22528216.mp3	Vô tình em không biết	0	2					vi	
e6e09bbc0223f1b42fef18730ae8483fb498ef5365e0ceac4783a8c60c062b904ed5c6532c3003aaa050c1f53d41ee4a58052c8ffa9a98a49b1781a1bed69138	common_voice_vi_22750204.mp3	Nghiệp của nó thì bản thân nó gánh	0	2					vi	
e6e12cd3461dae08b77fd7b5d49568c1d885045874b2da880b51462d9ef9c0ca78cb54857856ccdd6f45831aec6e1ade9f7051a8aa6ada9e33363884b10d5935	common_voice_vi_22770198.mp3	Ông ta cũng biến rất nhanh như lúc tới	1	2					vi	
e6e12cd3461dae08b77fd7b5d49568c1d885045874b2da880b51462d9ef9c0ca78cb54857856ccdd6f45831aec6e1ade9f7051a8aa6ada9e33363884b10d5935	common_voice_vi_22770201.mp3	Em lấy hết can đảm hỏi lại	1	2					vi	
e6e12cd3461dae08b77fd7b5d49568c1d885045874b2da880b51462d9ef9c0ca78cb54857856ccdd6f45831aec6e1ade9f7051a8aa6ada9e33363884b10d5935	common_voice_vi_22770202.mp3	Thì bệnh tật có liên quan gì đến tuổi với tác	0	2					vi	
fd04f5399a4aa07bd0df1aa4eeedde15a94cc0dd0d96e4696f78bbbaec2e34112f3295cb195c0940b802f70c3e8a884df0c61cb88ae47c1246e71c5c303ab9bf	common_voice_vi_22791285.mp3	Mà mày nói là nhà ngày ấy là nhà gạch nhỏ	0	2					vi	
fd04f5399a4aa07bd0df1aa4eeedde15a94cc0dd0d96e4696f78bbbaec2e34112f3295cb195c0940b802f70c3e8a884df0c61cb88ae47c1246e71c5c303ab9bf	common_voice_vi_22791287.mp3	chưa đến giờ cho Kamen ăn	0	2					vi	
8977b21c6bc0720da352603480c4af30ab6c293bd0b6afce8417b6ea887be59a598b198e378b5d7a6d3c93a3e8b514992822de5def6e2fdbb33ade191cacfdf7	common_voice_vi_22794715.mp3	bạn đã cho tôi hi vọng	0	2					vi	
df95a7cece66df4405f46895ac40e9c83fa30e9f607021aa476ef1320097b740ce5563bb93cbc89ca5a8a1a1a5567ce7d43d44c4b908d801cc6de6b04b5cc549	common_voice_vi_22816999.mp3	Mấy đứa con gái thì vui mừng	0	2	teens	male			vi	
e9bbe0aa827597d1161b519091d9e6c3bde1806f6cc83a755f70326f45d1925f48602463ed9f574c242424b6fb241beccbe3a3ffc7f93430e11414210fe12148	common_voice_vi_23078522.mp3	Quân thấy đang quỳ giữa ban thờ chắp tay cúi Trước Tượng Phật	1	2	twenties	male			vi	
e9bbe0aa827597d1161b519091d9e6c3bde1806f6cc83a755f70326f45d1925f48602463ed9f574c242424b6fb241beccbe3a3ffc7f93430e11414210fe12148	common_voice_vi_23078614.mp3	Từng đêm trông ngóng	1	2	twenties	male			vi	
e9bbe0aa827597d1161b519091d9e6c3bde1806f6cc83a755f70326f45d1925f48602463ed9f574c242424b6fb241beccbe3a3ffc7f93430e11414210fe12148	common_voice_vi_23078663.mp3	Lúc này thì A Hội cũng đã nhìn thấy	1	2	twenties	male			vi	
e9bbe0aa827597d1161b519091d9e6c3bde1806f6cc83a755f70326f45d1925f48602463ed9f574c242424b6fb241beccbe3a3ffc7f93430e11414210fe12148	common_voice_vi_23078777.mp3	Can đảm lên em đừng tự khổ mình	1	2	twenties	male			vi	
e9bbe0aa827597d1161b519091d9e6c3bde1806f6cc83a755f70326f45d1925f48602463ed9f574c242424b6fb241beccbe3a3ffc7f93430e11414210fe12148	common_voice_vi_23078827.mp3	Chỗ tôi có một cái nhà sàn để tiếp khách	0	2	twenties	male			vi	
2e179518a5e86fdf72533152b21b03a78b1169b15237fba055bd2eadf94cc075fbf6852e6b1465f528b6f8af3e0fd9646e8d0e53d5f5ee9264113257b7a911b3	common_voice_vi_23302871.mp3	Cung chúc tân xuân: nhân năm mới, xin cung kính chúc mừng	0	2					vi	
2e179518a5e86fdf72533152b21b03a78b1169b15237fba055bd2eadf94cc075fbf6852e6b1465f528b6f8af3e0fd9646e8d0e53d5f5ee9264113257b7a911b3	common_voice_vi_23302928.mp3	tiếng gọi lặp đi lặp lại, lúc gần lúc xa	0	2					vi	
2e179518a5e86fdf72533152b21b03a78b1169b15237fba055bd2eadf94cc075fbf6852e6b1465f528b6f8af3e0fd9646e8d0e53d5f5ee9264113257b7a911b3	common_voice_vi_23303050.mp3	Ngồi nghỉ một lúc, tôi đứng dậy hô lớn	1	2					vi	
2e179518a5e86fdf72533152b21b03a78b1169b15237fba055bd2eadf94cc075fbf6852e6b1465f528b6f8af3e0fd9646e8d0e53d5f5ee9264113257b7a911b3	common_voice_vi_23303056.mp3	Nó sẽ còn nguy hiểm hơn nhiều thế nữa	0	2					vi	
2e179518a5e86fdf72533152b21b03a78b1169b15237fba055bd2eadf94cc075fbf6852e6b1465f528b6f8af3e0fd9646e8d0e53d5f5ee9264113257b7a911b3	common_voice_vi_23303058.mp3	đừng có vất đi đâu đấy	0	2					vi	
2e3da4630f8a2932e4c2e04646199cb9912154d1518190c4b60ddb21ed057c9cf602f3f44dcb7cf571ea8a3b7162d0a188097948f12d878cd1c397922bd79ff3	common_voice_vi_23322800.mp3	để các bạn chờ lâu lại nói xấu thì khổ	0	2					vi	
2e3da4630f8a2932e4c2e04646199cb9912154d1518190c4b60ddb21ed057c9cf602f3f44dcb7cf571ea8a3b7162d0a188097948f12d878cd1c397922bd79ff3	common_voice_vi_23322812.mp3	nếu tao mà chết thật thì mày có chơi với tao nữa không	1	2					vi	
2e3da4630f8a2932e4c2e04646199cb9912154d1518190c4b60ddb21ed057c9cf602f3f44dcb7cf571ea8a3b7162d0a188097948f12d878cd1c397922bd79ff3	common_voice_vi_23322813.mp3	Nhìn ngó cái gì mà bần thần như vậy	0	2					vi	
2e3da4630f8a2932e4c2e04646199cb9912154d1518190c4b60ddb21ed057c9cf602f3f44dcb7cf571ea8a3b7162d0a188097948f12d878cd1c397922bd79ff3	common_voice_vi_23322815.mp3	cô ấy liền tiếp lời nói	0	2					vi	
2e3da4630f8a2932e4c2e04646199cb9912154d1518190c4b60ddb21ed057c9cf602f3f44dcb7cf571ea8a3b7162d0a188097948f12d878cd1c397922bd79ff3	common_voice_vi_23322817.mp3	Cái chết của bà tâm khiến cho quân gần như sụp đổ	0	2					vi	
d87734abf2b9cf315ede2c5aefc84f82c3ae2b63cdb227aafb2d4abe55a64a3786042e2c386902f61779dc937ffb0f7c2abcd7715529d8b1f5224a5f6a095c2b	common_voice_vi_23334647.mp3	Sau kỳ shop đi vào hoạt động trơn tru	0	2					vi	
e114dc061e82c39832b98194fb8315de272d187aacdff1f834004f6f177a2c58639cfa648592ccc181f2a6b25522dcf530a2a0c66f81161a470f7c369e5e4c9c	common_voice_vi_23397237.mp3	Vừa tắt máy trinh đi ngay sang phòng thờ của kumanthong	0	2					vi	
e114dc061e82c39832b98194fb8315de272d187aacdff1f834004f6f177a2c58639cfa648592ccc181f2a6b25522dcf530a2a0c66f81161a470f7c369e5e4c9c	common_voice_vi_23397239.mp3	Mà suýt nữa cả trình nôn tại chỗ	0	2					vi	
e114dc061e82c39832b98194fb8315de272d187aacdff1f834004f6f177a2c58639cfa648592ccc181f2a6b25522dcf530a2a0c66f81161a470f7c369e5e4c9c	common_voice_vi_23397240.mp3	Cho nên là rước một con bé về đi	0	2					vi	
e114dc061e82c39832b98194fb8315de272d187aacdff1f834004f6f177a2c58639cfa648592ccc181f2a6b25522dcf530a2a0c66f81161a470f7c369e5e4c9c	common_voice_vi_23397241.mp3	Tầm bậy	0	2					vi	
cf6128a308a67546788bd55dd3593524516d2337443e9626b6ec0318c85461fe05e16198a422acab8276386ec682446c1182e51cfad3c48d2de3f4bf3d692649	common_voice_vi_23640550.mp3	Tiếng vòi nước như có người vừa mở van	0	2					vi	
cf6128a308a67546788bd55dd3593524516d2337443e9626b6ec0318c85461fe05e16198a422acab8276386ec682446c1182e51cfad3c48d2de3f4bf3d692649	common_voice_vi_23640551.mp3	A Di Đà Phật	1	2					vi	
cf6128a308a67546788bd55dd3593524516d2337443e9626b6ec0318c85461fe05e16198a422acab8276386ec682446c1182e51cfad3c48d2de3f4bf3d692649	common_voice_vi_23640552.mp3	Trên giường của cô vẫn còn những tấm ảnh chụp quân vương vãi	0	2					vi	
cf6128a308a67546788bd55dd3593524516d2337443e9626b6ec0318c85461fe05e16198a422acab8276386ec682446c1182e51cfad3c48d2de3f4bf3d692649	common_voice_vi_23640553.mp3	Trinh mỉm cười đôi mắt ánh lên long lanh Trinh liền khẽ đáp	0	2					vi	
cf6128a308a67546788bd55dd3593524516d2337443e9626b6ec0318c85461fe05e16198a422acab8276386ec682446c1182e51cfad3c48d2de3f4bf3d692649	common_voice_vi_23640554.mp3	À mà này quý lắm mới nói đấy nhá	0	2					vi	
1fb639fa22667a007ca34788e059d95559333ca3fcef9e25869da41b7c348a6a1625703b8196b29ab7b5dbd588449bcfb06d225d0eb210bad87026a60d8540d4	common_voice_vi_23667728.mp3	Cũng chả lâu sau khi anh tạ độ trưởng thành	1	2					vi	
97ee3fed8eea8e1c911e7a7f2a0262585c56dc3bb5d765c821bb58acbb696f177a4fdc1b89f2651ed88013714cecc31eb853920d1f82b93159dc221fb4b32966	common_voice_vi_23669892.mp3	Đang nghĩ cái gì mà lơ đãng thế hả	1	2	thirties	male			vi	
b81d9cd6272fec6ad395115b779f56d164a8af14c1215b8937cb3352fd2bce179a039a748fd9c0d9e606fdf71c75a3230a6de5f188bb25baa404958951db7655	common_voice_vi_23690372.mp3	Là trưởng đoàn nên có tiếng nói	0	2					vi	
b81d9cd6272fec6ad395115b779f56d164a8af14c1215b8937cb3352fd2bce179a039a748fd9c0d9e606fdf71c75a3230a6de5f188bb25baa404958951db7655	common_voice_vi_23690374.mp3	Chinh mới chú ý đến điện thoại	1	2					vi	
b81d9cd6272fec6ad395115b779f56d164a8af14c1215b8937cb3352fd2bce179a039a748fd9c0d9e606fdf71c75a3230a6de5f188bb25baa404958951db7655	common_voice_vi_23690375.mp3	Việc nước trước việc nhà.	1	2					vi	
b81d9cd6272fec6ad395115b779f56d164a8af14c1215b8937cb3352fd2bce179a039a748fd9c0d9e606fdf71c75a3230a6de5f188bb25baa404958951db7655	common_voice_vi_23690377.mp3	Hiện tượng bên trong phòng quá trình đã thay đổi hoàn toàn	0	2					vi	
8e2173aa1a4f833ea345ebb59f410b981607e7ee11a197e2895f3eb0f1e2839510fd37bffa9f248b89fc6efaaf087e5437e0c77503603b6c63fa798d12be3863	common_voice_vi_23707418.mp3	Phía sau đầu vẫn còn hơi đau	1	2					vi	
97ee3fed8eea8e1c911e7a7f2a0262585c56dc3bb5d765c821bb58acbb696f177a4fdc1b89f2651ed88013714cecc31eb853920d1f82b93159dc221fb4b32966	common_voice_vi_23734633.mp3	Thời đại nào rồi mà còn mê tín	1	2	thirties	male			vi	
97ee3fed8eea8e1c911e7a7f2a0262585c56dc3bb5d765c821bb58acbb696f177a4fdc1b89f2651ed88013714cecc31eb853920d1f82b93159dc221fb4b32966	common_voice_vi_23734639.mp3	Phải khoác súng đi đều trong khu mổ của bọn tây ấy	0	2	thirties	male			vi	
4f39c86b0427eccc774d2fbcbeb78d3dfe3044301f5414c34726da9e38f693a33b50dacf95eb03c9301164906f8535cf76fa79208960538d6ba016c6962b8e08	common_voice_vi_23753752.mp3	Ảnh Quân	0	2	twenties	male			vi	
ecedc04a93786f677758211e930c1f8e78c499e7b51944b342374f650cfb71aae2ed90cef72a76e7a690bfc93a96d46dcba250879044fae5670c69e467bef5eb	common_voice_vi_23755973.mp3	Cô hi vọng anh ta sẽ tỉnh lại	0	2					vi	
ecedc04a93786f677758211e930c1f8e78c499e7b51944b342374f650cfb71aae2ed90cef72a76e7a690bfc93a96d46dcba250879044fae5670c69e467bef5eb	common_voice_vi_23755976.mp3	Thảo không đáp lại mà đi dần khỏi em	0	2					vi	
ecedc04a93786f677758211e930c1f8e78c499e7b51944b342374f650cfb71aae2ed90cef72a76e7a690bfc93a96d46dcba250879044fae5670c69e467bef5eb	common_voice_vi_23755984.mp3	Nơi bị bàn tay của anh chàng lúc nãy đặt lên	0	2					vi	
ecedc04a93786f677758211e930c1f8e78c499e7b51944b342374f650cfb71aae2ed90cef72a76e7a690bfc93a96d46dcba250879044fae5670c69e467bef5eb	common_voice_vi_23756187.mp3	Tiền bạc vận may	1	2					vi	
61a3bdce724f826cd1b2381b019e286fc7dfc0db75b8068c2cec5b0f7eb69302c94763414411c2d574fe4362f33f179ee99bc3de2d7c148879c582574bbb274e	common_voice_vi_23847780.mp3	Bạn bè trang lứa	1	2					vi	
c44e0fee41f88045a040f1ffc8930be3c2a1bcc6f198f57894db86aa8147d18693913aa1b0e55ba98a4ff99f67a407665fad1c1898c03a07422833c6a8356cc2	common_voice_vi_23848863.mp3	Tôi gọi mọi người đi vào trong nhà, ông lão liền lên tiếng	0	2	twenties	male			vi	
c44e0fee41f88045a040f1ffc8930be3c2a1bcc6f198f57894db86aa8147d18693913aa1b0e55ba98a4ff99f67a407665fad1c1898c03a07422833c6a8356cc2	common_voice_vi_23848867.mp3	Một tiếng kêu rất lớn vọng trong không gian	0	2	twenties	male			vi	
c44e0fee41f88045a040f1ffc8930be3c2a1bcc6f198f57894db86aa8147d18693913aa1b0e55ba98a4ff99f67a407665fad1c1898c03a07422833c6a8356cc2	common_voice_vi_23848902.mp3	Xin mời quý vị các bạn cùng lắng nghe	0	2	twenties	male			vi	
7fe9e42c31db591e3f2591ce9091ee1d1da77d18c5fefef9fdf1b6e8a881607486f450417e1f623fd4757693506f7899410d7481b61ad08612872f37e388915a	common_voice_vi_23852461.mp3	Anh lại nhắn xin một lần nghe cuối	1	2					vi	
7fe9e42c31db591e3f2591ce9091ee1d1da77d18c5fefef9fdf1b6e8a881607486f450417e1f623fd4757693506f7899410d7481b61ad08612872f37e388915a	common_voice_vi_23852463.mp3	Quỷ con quỷ là sao	0	2					vi	
7fe9e42c31db591e3f2591ce9091ee1d1da77d18c5fefef9fdf1b6e8a881607486f450417e1f623fd4757693506f7899410d7481b61ad08612872f37e388915a	common_voice_vi_23852467.mp3	Tôi nào dám hỏi	0	2					vi	
7fe9e42c31db591e3f2591ce9091ee1d1da77d18c5fefef9fdf1b6e8a881607486f450417e1f623fd4757693506f7899410d7481b61ad08612872f37e388915a	common_voice_vi_23852468.mp3	Những vừa cúii người thì ngã sắp luôn xuống sàn nhà	1	2					vi	
244e585593b49da99068ed3d6413b507ae34ec88a68d82cea6060fd929bf3578d6273e8a44808b235eac3c21ea924414b0714b7ffdca056cbc99ea954eb40941	common_voice_vi_23891883.mp3	Bà ta không phải là người xấu	0	2	twenties	male			vi	
244e585593b49da99068ed3d6413b507ae34ec88a68d82cea6060fd929bf3578d6273e8a44808b235eac3c21ea924414b0714b7ffdca056cbc99ea954eb40941	common_voice_vi_23891884.mp3	Và thật bất ngờ đưa tay đẩy mạnh một cái	0	2	twenties	male			vi	
244e585593b49da99068ed3d6413b507ae34ec88a68d82cea6060fd929bf3578d6273e8a44808b235eac3c21ea924414b0714b7ffdca056cbc99ea954eb40941	common_voice_vi_23891885.mp3	Chinh trợn mắt gật đầu lia lịa	1	2	twenties	male			vi	
c14ad590de005be3a512e187900c5ad5c76921cf1883b3349cda8e57e390901f453aae312b3c027b31acc18b7e2f3e857b8f8618ab1eb3a0be7298f8d1c001ce	common_voice_vi_23901410.mp3	Cách tạo nhóm và quản lý nhóm trong Microsoft Teams	1	2	sixties	male			vi	
c14ad590de005be3a512e187900c5ad5c76921cf1883b3349cda8e57e390901f453aae312b3c027b31acc18b7e2f3e857b8f8618ab1eb3a0be7298f8d1c001ce	common_voice_vi_23925068.mp3	Gia đình	1	2	sixties	male			vi	
c14ad590de005be3a512e187900c5ad5c76921cf1883b3349cda8e57e390901f453aae312b3c027b31acc18b7e2f3e857b8f8618ab1eb3a0be7298f8d1c001ce	common_voice_vi_23926769.mp3	Cây xoài nhà em để bác mang rất thể là được à	0	2	sixties	male			vi	
c14ad590de005be3a512e187900c5ad5c76921cf1883b3349cda8e57e390901f453aae312b3c027b31acc18b7e2f3e857b8f8618ab1eb3a0be7298f8d1c001ce	common_voice_vi_23926785.mp3	Trinh khẽ nhoẻn miệng cười	1	2	sixties	male			vi	
c14ad590de005be3a512e187900c5ad5c76921cf1883b3349cda8e57e390901f453aae312b3c027b31acc18b7e2f3e857b8f8618ab1eb3a0be7298f8d1c001ce	common_voice_vi_23926795.mp3	Khi anh nghe thấy tiếng ai đang nói như tiếng của mẹ mình	0	2	sixties	male			vi	
c14ad590de005be3a512e187900c5ad5c76921cf1883b3349cda8e57e390901f453aae312b3c027b31acc18b7e2f3e857b8f8618ab1eb3a0be7298f8d1c001ce	common_voice_vi_23926847.mp3	Chẳng lẽ phải cả kumanthong	0	2	sixties	male			vi	
c14ad590de005be3a512e187900c5ad5c76921cf1883b3349cda8e57e390901f453aae312b3c027b31acc18b7e2f3e857b8f8618ab1eb3a0be7298f8d1c001ce	common_voice_vi_23930693.mp3	Quýt làm cam chịu	1	2	sixties	male			vi	
c14ad590de005be3a512e187900c5ad5c76921cf1883b3349cda8e57e390901f453aae312b3c027b31acc18b7e2f3e857b8f8618ab1eb3a0be7298f8d1c001ce	common_voice_vi_23930777.mp3	mới đây còn tháy hai người tíu tít	1	2	sixties	male			vi	
c14ad590de005be3a512e187900c5ad5c76921cf1883b3349cda8e57e390901f453aae312b3c027b31acc18b7e2f3e857b8f8618ab1eb3a0be7298f8d1c001ce	common_voice_vi_23932924.mp3	Tại sao bà dân tộc lại biết chuyện mười hai giờ đêm	1	2	sixties	male			vi	
c14ad590de005be3a512e187900c5ad5c76921cf1883b3349cda8e57e390901f453aae312b3c027b31acc18b7e2f3e857b8f8618ab1eb3a0be7298f8d1c001ce	common_voice_vi_23932932.mp3	Nghe tiếng thở dài não ruột của cô vị khách cũng buồn theo	1	2	sixties	male			vi	
c14ad590de005be3a512e187900c5ad5c76921cf1883b3349cda8e57e390901f453aae312b3c027b31acc18b7e2f3e857b8f8618ab1eb3a0be7298f8d1c001ce	common_voice_vi_23933007.mp3	Bên trong phòng chỉ có ảnh đèn xanh đỏ nhấp nháy	1	2	sixties	male			vi	
88599b1c7c90beccc99fd0b36c49344679a6e52279b50804053e940afa89aed912cb660cab7341f55d1b565f972861f291cc8df530e3161de671cf06471f89f8	common_voice_vi_23960967.mp3	sau bốn mươi chín ngày nếu không được siêu thoát sẽ thành ma	0	2	twenties	male			vi	
88599b1c7c90beccc99fd0b36c49344679a6e52279b50804053e940afa89aed912cb660cab7341f55d1b565f972861f291cc8df530e3161de671cf06471f89f8	common_voice_vi_23960968.mp3	trong đầu của Trinh suy nghĩ	0	2	twenties	male			vi	
dcd95174e5ec419750d2614a859c7802087625231a57dd86b54d1f85720e03a583148ecd82761458e5d5004d42dbd2f71b5a11355f2fb1e544ddb0d45818ebec	common_voice_vi_23970654.mp3	Mẹ em cũng đồng tình với ý kiến của bố	0	2					vi	
fd31cbe0df7feef4c361cc5c023330ce767a76e6f3bc411ab0978f8bb4b277c8c1d61ee421b9b5ca5e6363b8959cc9e942a8a4dca6eb2e79cf52ac501d6c89f6	common_voice_vi_23986067.mp3	Một vầng trăng chưa tròn!	0	2					vi	
fd31cbe0df7feef4c361cc5c023330ce767a76e6f3bc411ab0978f8bb4b277c8c1d61ee421b9b5ca5e6363b8959cc9e942a8a4dca6eb2e79cf52ac501d6c89f6	common_voice_vi_23986068.mp3	Em còn chưa ngủ	0	2					vi	
c14ad590de005be3a512e187900c5ad5c76921cf1883b3349cda8e57e390901f453aae312b3c027b31acc18b7e2f3e857b8f8618ab1eb3a0be7298f8d1c001ce	common_voice_vi_23988881.mp3	Quả nhiên trên của Trinh đang run rẩy	0	2	sixties	male			vi	
c14ad590de005be3a512e187900c5ad5c76921cf1883b3349cda8e57e390901f453aae312b3c027b31acc18b7e2f3e857b8f8618ab1eb3a0be7298f8d1c001ce	common_voice_vi_24012767.mp3	Để chánh cho Phương tự mình làm tổn thương	1	2	sixties	male			vi	
c14ad590de005be3a512e187900c5ad5c76921cf1883b3349cda8e57e390901f453aae312b3c027b31acc18b7e2f3e857b8f8618ab1eb3a0be7298f8d1c001ce	common_voice_vi_24012772.mp3	Nhìn mẹ vất vả tóc tại Bơ Vơ	0	2	sixties	male			vi	
f45e50d7d987cc77efded31780b562b83cbfcc46e3d669ec61a07d52d3821671ef1ed02a00a5a1ca755d93e1a65b541627f86fadecf9d6213d5b584d005ef85a	common_voice_vi_24023431.mp3	Tối sáng trắng đen chẳng phân định tỏ tường	0	2					vi	
f45e50d7d987cc77efded31780b562b83cbfcc46e3d669ec61a07d52d3821671ef1ed02a00a5a1ca755d93e1a65b541627f86fadecf9d6213d5b584d005ef85a	common_voice_vi_24023432.mp3	Hà ni phấn khởi	0	2					vi	
c14ad590de005be3a512e187900c5ad5c76921cf1883b3349cda8e57e390901f453aae312b3c027b31acc18b7e2f3e857b8f8618ab1eb3a0be7298f8d1c001ce	common_voice_vi_24106319.mp3	Hay là thôi Em cứ ngủ thật say	0	2	sixties	male			vi	
c14ad590de005be3a512e187900c5ad5c76921cf1883b3349cda8e57e390901f453aae312b3c027b31acc18b7e2f3e857b8f8618ab1eb3a0be7298f8d1c001ce	common_voice_vi_24124101.mp3	Chẳng thề nguyện mà không hề giả dối	0	2					vi	
c14ad590de005be3a512e187900c5ad5c76921cf1883b3349cda8e57e390901f453aae312b3c027b31acc18b7e2f3e857b8f8618ab1eb3a0be7298f8d1c001ce	common_voice_vi_24124107.mp3	Tôi nói rồi	1	2					vi	
c14ad590de005be3a512e187900c5ad5c76921cf1883b3349cda8e57e390901f453aae312b3c027b31acc18b7e2f3e857b8f8618ab1eb3a0be7298f8d1c001ce	common_voice_vi_24124126.mp3	Nhưng hà nãy giờ vẫn còn đang suy nghĩ lời của trình nói	1	2	sixties	male			vi	
c14ad590de005be3a512e187900c5ad5c76921cf1883b3349cda8e57e390901f453aae312b3c027b31acc18b7e2f3e857b8f8618ab1eb3a0be7298f8d1c001ce	common_voice_vi_24125482.mp3	Bà ấy	1	2	sixties	male			vi	
c14ad590de005be3a512e187900c5ad5c76921cf1883b3349cda8e57e390901f453aae312b3c027b31acc18b7e2f3e857b8f8618ab1eb3a0be7298f8d1c001ce	common_voice_vi_24172283.mp3	Thế rồi cứ từ từ tắt hết	1	2	sixties	male			vi	
c14ad590de005be3a512e187900c5ad5c76921cf1883b3349cda8e57e390901f453aae312b3c027b31acc18b7e2f3e857b8f8618ab1eb3a0be7298f8d1c001ce	common_voice_vi_24174158.mp3	Cơm nó áo ấm	1	2	sixties	male			vi	
c14ad590de005be3a512e187900c5ad5c76921cf1883b3349cda8e57e390901f453aae312b3c027b31acc18b7e2f3e857b8f8618ab1eb3a0be7298f8d1c001ce	common_voice_vi_24255752.mp3	Khiên cho trinh cảm thấy hơi rờn rợn	0	2	sixties	male			vi	
c14ad590de005be3a512e187900c5ad5c76921cf1883b3349cda8e57e390901f453aae312b3c027b31acc18b7e2f3e857b8f8618ab1eb3a0be7298f8d1c001ce	common_voice_vi_24297977.mp3	Cho hoa tươi thắm ngát hương	0	2	sixties	male			vi	
c14ad590de005be3a512e187900c5ad5c76921cf1883b3349cda8e57e390901f453aae312b3c027b31acc18b7e2f3e857b8f8618ab1eb3a0be7298f8d1c001ce	common_voice_vi_24298956.mp3	Khi đó người đàn ông bỏ đi được một lúc nãy lại hiện diện	0	2	sixties	male			vi	
c14ad590de005be3a512e187900c5ad5c76921cf1883b3349cda8e57e390901f453aae312b3c027b31acc18b7e2f3e857b8f8618ab1eb3a0be7298f8d1c001ce	common_voice_vi_24304493.mp3	Chỉ có một mình bà ấy ở vậy thôi	0	2	sixties	male			vi	
c14ad590de005be3a512e187900c5ad5c76921cf1883b3349cda8e57e390901f453aae312b3c027b31acc18b7e2f3e857b8f8618ab1eb3a0be7298f8d1c001ce	common_voice_vi_24362986.mp3	đức hạnh	1	2	sixties	male			vi	
c14ad590de005be3a512e187900c5ad5c76921cf1883b3349cda8e57e390901f453aae312b3c027b31acc18b7e2f3e857b8f8618ab1eb3a0be7298f8d1c001ce	common_voice_vi_24363018.mp3	Tôi còn mong nó về nhà gặp mà còn chẳng được	1	2	sixties	male			vi	
c14ad590de005be3a512e187900c5ad5c76921cf1883b3349cda8e57e390901f453aae312b3c027b31acc18b7e2f3e857b8f8618ab1eb3a0be7298f8d1c001ce	common_voice_vi_24363050.mp3	nghĩ thôi mà Trinh đã cảm thấy dợt hết cả người	1	2	sixties	male			vi	
c14ad590de005be3a512e187900c5ad5c76921cf1883b3349cda8e57e390901f453aae312b3c027b31acc18b7e2f3e857b8f8618ab1eb3a0be7298f8d1c001ce	common_voice_vi_24363055.mp3	Some trai liền nói tiếp	1	2	sixties	male			vi	
c14ad590de005be3a512e187900c5ad5c76921cf1883b3349cda8e57e390901f453aae312b3c027b31acc18b7e2f3e857b8f8618ab1eb3a0be7298f8d1c001ce	common_voice_vi_24388752.mp3	Bố em lúc ấy chen ngang	0	2	sixties	male			vi	
c14ad590de005be3a512e187900c5ad5c76921cf1883b3349cda8e57e390901f453aae312b3c027b31acc18b7e2f3e857b8f8618ab1eb3a0be7298f8d1c001ce	common_voice_vi_24398750.mp3	Anh vừa mới kí xong một bản hợp đồng	0	2	sixties	male			vi	
ad905a2757f2022fbda0080571f04a7c6d95055acd13a55d57fd272d420ac65b2031aa3434c9812acd8d87112c8540dc4c973e11c2e5cb3fe819b19c9f8eceea	common_voice_vi_24421801.mp3	Nhưng mà không hiểu sao tao thấy người lạnh quá	0	2					vi	
c14ad590de005be3a512e187900c5ad5c76921cf1883b3349cda8e57e390901f453aae312b3c027b31acc18b7e2f3e857b8f8618ab1eb3a0be7298f8d1c001ce	common_voice_vi_24455776.mp3	Trình hơi sững lại khi quân vừa nhắc đến nhi	1	2	sixties	male			vi	
c14ad590de005be3a512e187900c5ad5c76921cf1883b3349cda8e57e390901f453aae312b3c027b31acc18b7e2f3e857b8f8618ab1eb3a0be7298f8d1c001ce	common_voice_vi_24455817.mp3	Như vạn lời ca	1	2	sixties	male			vi	
c14ad590de005be3a512e187900c5ad5c76921cf1883b3349cda8e57e390901f453aae312b3c027b31acc18b7e2f3e857b8f8618ab1eb3a0be7298f8d1c001ce	common_voice_vi_24455839.mp3	Nhưng anh ta không hề rên la tiếng nào	1	2	sixties	male			vi	
c14ad590de005be3a512e187900c5ad5c76921cf1883b3349cda8e57e390901f453aae312b3c027b31acc18b7e2f3e857b8f8618ab1eb3a0be7298f8d1c001ce	common_voice_vi_24455894.mp3	cho nên mới có đước cái cơ ngơi như vậy đó chứ	0	2	sixties	male			vi	
8df14452892cbbbd4ab12f7ad701fd0836dff864a48a7d22e0a9e85e38953411f6e373bf09eca915c56c079b2fe408d66dd22ec4a7d947d07c1476bfcd3cb94f	common_voice_vi_24457299.mp3	ở bên cạnh nữa	1	2					vi	
8df14452892cbbbd4ab12f7ad701fd0836dff864a48a7d22e0a9e85e38953411f6e373bf09eca915c56c079b2fe408d66dd22ec4a7d947d07c1476bfcd3cb94f	common_voice_vi_24457304.mp3	mẹ nói là làm	1	2					vi	
8df14452892cbbbd4ab12f7ad701fd0836dff864a48a7d22e0a9e85e38953411f6e373bf09eca915c56c079b2fe408d66dd22ec4a7d947d07c1476bfcd3cb94f	common_voice_vi_24457606.mp3	tuyệt nhiên em không thể nào gào thét	0	2	twenties	male			vi	
8df14452892cbbbd4ab12f7ad701fd0836dff864a48a7d22e0a9e85e38953411f6e373bf09eca915c56c079b2fe408d66dd22ec4a7d947d07c1476bfcd3cb94f	common_voice_vi_24457610.mp3	Những chuyện buồn qua đi	0	2	twenties	male			vi	
8df14452892cbbbd4ab12f7ad701fd0836dff864a48a7d22e0a9e85e38953411f6e373bf09eca915c56c079b2fe408d66dd22ec4a7d947d07c1476bfcd3cb94f	common_voice_vi_24457636.mp3	nỗi ám ảnh	0	2	twenties	male			vi	
8df14452892cbbbd4ab12f7ad701fd0836dff864a48a7d22e0a9e85e38953411f6e373bf09eca915c56c079b2fe408d66dd22ec4a7d947d07c1476bfcd3cb94f	common_voice_vi_24457638.mp3	Biển tấp vào đâu	1	2	twenties	male			vi	
8df14452892cbbbd4ab12f7ad701fd0836dff864a48a7d22e0a9e85e38953411f6e373bf09eca915c56c079b2fe408d66dd22ec4a7d947d07c1476bfcd3cb94f	common_voice_vi_24457670.mp3	Mẹ còn bàn với bố	1	2	twenties	male			vi	
8df14452892cbbbd4ab12f7ad701fd0836dff864a48a7d22e0a9e85e38953411f6e373bf09eca915c56c079b2fe408d66dd22ec4a7d947d07c1476bfcd3cb94f	common_voice_vi_24458005.mp3	Thế anh ơi, mình đi lâu không ạ	1	2	twenties	male			vi	
8df14452892cbbbd4ab12f7ad701fd0836dff864a48a7d22e0a9e85e38953411f6e373bf09eca915c56c079b2fe408d66dd22ec4a7d947d07c1476bfcd3cb94f	common_voice_vi_24458009.mp3	Già làng đã cao tuổi, râu tóc bạc phơ, tay đeo rất nhiều vòng	0	2	twenties	male			vi	
8df14452892cbbbd4ab12f7ad701fd0836dff864a48a7d22e0a9e85e38953411f6e373bf09eca915c56c079b2fe408d66dd22ec4a7d947d07c1476bfcd3cb94f	common_voice_vi_24458012.mp3	Thương nhớ cũ trôi theo ngày tháng mất	0	2	twenties	male			vi	
8df14452892cbbbd4ab12f7ad701fd0836dff864a48a7d22e0a9e85e38953411f6e373bf09eca915c56c079b2fe408d66dd22ec4a7d947d07c1476bfcd3cb94f	common_voice_vi_24458028.mp3	Nhưng mà cái này làm đám tang chúng tôi cũng mời thầy về	1	2	twenties	male			vi	
8df14452892cbbbd4ab12f7ad701fd0836dff864a48a7d22e0a9e85e38953411f6e373bf09eca915c56c079b2fe408d66dd22ec4a7d947d07c1476bfcd3cb94f	common_voice_vi_24458049.mp3	Những người thờ kumanthong như Trinh	1	2	twenties	male			vi	
8df14452892cbbbd4ab12f7ad701fd0836dff864a48a7d22e0a9e85e38953411f6e373bf09eca915c56c079b2fe408d66dd22ec4a7d947d07c1476bfcd3cb94f	common_voice_vi_24458051.mp3	Đời anh anh gửi em	0	2	twenties	male			vi	
8df14452892cbbbd4ab12f7ad701fd0836dff864a48a7d22e0a9e85e38953411f6e373bf09eca915c56c079b2fe408d66dd22ec4a7d947d07c1476bfcd3cb94f	common_voice_vi_24458076.mp3	nhưng bên tai của em lại nghe tiếng gọi rất rõ	0	2	twenties	male			vi	
8df14452892cbbbd4ab12f7ad701fd0836dff864a48a7d22e0a9e85e38953411f6e373bf09eca915c56c079b2fe408d66dd22ec4a7d947d07c1476bfcd3cb94f	common_voice_vi_24458078.mp3	Tình xưa êm ái và trong trắng	1	2	twenties	male			vi	
8df14452892cbbbd4ab12f7ad701fd0836dff864a48a7d22e0a9e85e38953411f6e373bf09eca915c56c079b2fe408d66dd22ec4a7d947d07c1476bfcd3cb94f	common_voice_vi_24458079.mp3	Hà thảng thốt nhìn Trinh rồi nói	0	2	twenties	male			vi	
8df14452892cbbbd4ab12f7ad701fd0836dff864a48a7d22e0a9e85e38953411f6e373bf09eca915c56c079b2fe408d66dd22ec4a7d947d07c1476bfcd3cb94f	common_voice_vi_24458085.mp3	Chị ấy nói phải đấy	0	2	twenties	male			vi	
8df14452892cbbbd4ab12f7ad701fd0836dff864a48a7d22e0a9e85e38953411f6e373bf09eca915c56c079b2fe408d66dd22ec4a7d947d07c1476bfcd3cb94f	common_voice_vi_24458086.mp3	Ngày rời trường gần đến	0	2	twenties	male			vi	
8df14452892cbbbd4ab12f7ad701fd0836dff864a48a7d22e0a9e85e38953411f6e373bf09eca915c56c079b2fe408d66dd22ec4a7d947d07c1476bfcd3cb94f	common_voice_vi_24458088.mp3	Mới tậu căn hộ mới hả	0	2	twenties	male			vi	
8df14452892cbbbd4ab12f7ad701fd0836dff864a48a7d22e0a9e85e38953411f6e373bf09eca915c56c079b2fe408d66dd22ec4a7d947d07c1476bfcd3cb94f	common_voice_vi_24458089.mp3	Tao không muốn mày xuống dưới này đâu	0	2	twenties	male			vi	
8df14452892cbbbd4ab12f7ad701fd0836dff864a48a7d22e0a9e85e38953411f6e373bf09eca915c56c079b2fe408d66dd22ec4a7d947d07c1476bfcd3cb94f	common_voice_vi_24458108.mp3	Hà à, gọi tao có chuyện gì đấy	0	2	twenties	male			vi	
8df14452892cbbbd4ab12f7ad701fd0836dff864a48a7d22e0a9e85e38953411f6e373bf09eca915c56c079b2fe408d66dd22ec4a7d947d07c1476bfcd3cb94f	common_voice_vi_24458109.mp3	Trinh đã nghĩ ngay đến điều này	0	2	twenties	male			vi	
8df14452892cbbbd4ab12f7ad701fd0836dff864a48a7d22e0a9e85e38953411f6e373bf09eca915c56c079b2fe408d66dd22ec4a7d947d07c1476bfcd3cb94f	common_voice_vi_24458110.mp3	Và bị con hổ cho thẳng vào trong bụng	0	2	twenties	male			vi	
8df14452892cbbbd4ab12f7ad701fd0836dff864a48a7d22e0a9e85e38953411f6e373bf09eca915c56c079b2fe408d66dd22ec4a7d947d07c1476bfcd3cb94f	common_voice_vi_24458112.mp3	Nợ trần ai hay mối duyên tiền kiếp	0	2	twenties	male			vi	
8df14452892cbbbd4ab12f7ad701fd0836dff864a48a7d22e0a9e85e38953411f6e373bf09eca915c56c079b2fe408d66dd22ec4a7d947d07c1476bfcd3cb94f	common_voice_vi_24458119.mp3	Mẹ là tia nắng	0	2	twenties	male			vi	
8df14452892cbbbd4ab12f7ad701fd0836dff864a48a7d22e0a9e85e38953411f6e373bf09eca915c56c079b2fe408d66dd22ec4a7d947d07c1476bfcd3cb94f	common_voice_vi_24458120.mp3	Tôi quay sang bảo cả đoàn nghỉ ngơi	0	2	twenties	male			vi	
8df14452892cbbbd4ab12f7ad701fd0836dff864a48a7d22e0a9e85e38953411f6e373bf09eca915c56c079b2fe408d66dd22ec4a7d947d07c1476bfcd3cb94f	common_voice_vi_24458123.mp3	Người phụ nữ tên dã quỳ	0	2	twenties	male			vi	
8df14452892cbbbd4ab12f7ad701fd0836dff864a48a7d22e0a9e85e38953411f6e373bf09eca915c56c079b2fe408d66dd22ec4a7d947d07c1476bfcd3cb94f	common_voice_vi_24458125.mp3	Bà nhìn con đôi mắt đậm lẻ	0	2	twenties	male			vi	
8df14452892cbbbd4ab12f7ad701fd0836dff864a48a7d22e0a9e85e38953411f6e373bf09eca915c56c079b2fe408d66dd22ec4a7d947d07c1476bfcd3cb94f	common_voice_vi_24458127.mp3	Anh kể cho tôi nghe một số câu chuyện được không	0	2	twenties	male			vi	
8df14452892cbbbd4ab12f7ad701fd0836dff864a48a7d22e0a9e85e38953411f6e373bf09eca915c56c079b2fe408d66dd22ec4a7d947d07c1476bfcd3cb94f	common_voice_vi_24458128.mp3	mẹ em làm việc	0	2	twenties	male			vi	
8df14452892cbbbd4ab12f7ad701fd0836dff864a48a7d22e0a9e85e38953411f6e373bf09eca915c56c079b2fe408d66dd22ec4a7d947d07c1476bfcd3cb94f	common_voice_vi_24458129.mp3	Nhưng mà tâm tôi không có yên	0	2	twenties	male			vi	
8df14452892cbbbd4ab12f7ad701fd0836dff864a48a7d22e0a9e85e38953411f6e373bf09eca915c56c079b2fe408d66dd22ec4a7d947d07c1476bfcd3cb94f	common_voice_vi_24458140.mp3	Tuy nhiên mọi chuyện mấy ngày gần đây	0	2	twenties	male			vi	
8df14452892cbbbd4ab12f7ad701fd0836dff864a48a7d22e0a9e85e38953411f6e373bf09eca915c56c079b2fe408d66dd22ec4a7d947d07c1476bfcd3cb94f	common_voice_vi_24458141.mp3	con bé yếu lắm	0	2	twenties	male			vi	
8df14452892cbbbd4ab12f7ad701fd0836dff864a48a7d22e0a9e85e38953411f6e373bf09eca915c56c079b2fe408d66dd22ec4a7d947d07c1476bfcd3cb94f	common_voice_vi_24458147.mp3	Nhưng do dự mãi	0	2	twenties	male			vi	
8df14452892cbbbd4ab12f7ad701fd0836dff864a48a7d22e0a9e85e38953411f6e373bf09eca915c56c079b2fe408d66dd22ec4a7d947d07c1476bfcd3cb94f	common_voice_vi_24458150.mp3	Em với Thảo có đi ăn chè	0	2	twenties	male			vi	
8df14452892cbbbd4ab12f7ad701fd0836dff864a48a7d22e0a9e85e38953411f6e373bf09eca915c56c079b2fe408d66dd22ec4a7d947d07c1476bfcd3cb94f	common_voice_vi_24458175.mp3	Thảo ơi Tao biết mày mất rồi	0	2	twenties	male			vi	
8df14452892cbbbd4ab12f7ad701fd0836dff864a48a7d22e0a9e85e38953411f6e373bf09eca915c56c079b2fe408d66dd22ec4a7d947d07c1476bfcd3cb94f	common_voice_vi_24458176.mp3	Con trai bất hiếu không phụng dưỡng được mẹ	0	2	twenties	male			vi	
8df14452892cbbbd4ab12f7ad701fd0836dff864a48a7d22e0a9e85e38953411f6e373bf09eca915c56c079b2fe408d66dd22ec4a7d947d07c1476bfcd3cb94f	common_voice_vi_24458177.mp3	Để phục vụ quý vị cho một số ngày vừa qua	0	2	twenties	male			vi	
8df14452892cbbbd4ab12f7ad701fd0836dff864a48a7d22e0a9e85e38953411f6e373bf09eca915c56c079b2fe408d66dd22ec4a7d947d07c1476bfcd3cb94f	common_voice_vi_24458178.mp3	Đánh chết lắm	0	2	twenties	male			vi	
8df14452892cbbbd4ab12f7ad701fd0836dff864a48a7d22e0a9e85e38953411f6e373bf09eca915c56c079b2fe408d66dd22ec4a7d947d07c1476bfcd3cb94f	common_voice_vi_24458179.mp3	Em vẫn còn sống giữa một trái tim.	0	2	twenties	male			vi	
8df14452892cbbbd4ab12f7ad701fd0836dff864a48a7d22e0a9e85e38953411f6e373bf09eca915c56c079b2fe408d66dd22ec4a7d947d07c1476bfcd3cb94f	common_voice_vi_24458204.mp3	Tất cả nhất trí rồi nghỉ ngơi một lúc	0	2	twenties	male			vi	
8df14452892cbbbd4ab12f7ad701fd0836dff864a48a7d22e0a9e85e38953411f6e373bf09eca915c56c079b2fe408d66dd22ec4a7d947d07c1476bfcd3cb94f	common_voice_vi_24458205.mp3	Hà không phải là một ngoại lệ	0	2	twenties	male			vi	
8df14452892cbbbd4ab12f7ad701fd0836dff864a48a7d22e0a9e85e38953411f6e373bf09eca915c56c079b2fe408d66dd22ec4a7d947d07c1476bfcd3cb94f	common_voice_vi_24458206.mp3	còn lại chờ tôi	0	2	twenties	male			vi	
8df14452892cbbbd4ab12f7ad701fd0836dff864a48a7d22e0a9e85e38953411f6e373bf09eca915c56c079b2fe408d66dd22ec4a7d947d07c1476bfcd3cb94f	common_voice_vi_24458207.mp3	tôi tính là không quay lại	0	2	twenties	male			vi	
8df14452892cbbbd4ab12f7ad701fd0836dff864a48a7d22e0a9e85e38953411f6e373bf09eca915c56c079b2fe408d66dd22ec4a7d947d07c1476bfcd3cb94f	common_voice_vi_24458209.mp3	Ai đấy	0	2	twenties	male			vi	
8df14452892cbbbd4ab12f7ad701fd0836dff864a48a7d22e0a9e85e38953411f6e373bf09eca915c56c079b2fe408d66dd22ec4a7d947d07c1476bfcd3cb94f	common_voice_vi_24458242.mp3	Các câu nói nổi tiếng	1	2	twenties	male			vi	
8df14452892cbbbd4ab12f7ad701fd0836dff864a48a7d22e0a9e85e38953411f6e373bf09eca915c56c079b2fe408d66dd22ec4a7d947d07c1476bfcd3cb94f	common_voice_vi_24458245.mp3	tao chẳng tin mấy cái số kiếp mà người ta vẫn hay nói	1	2	twenties	male			vi	
8df14452892cbbbd4ab12f7ad701fd0836dff864a48a7d22e0a9e85e38953411f6e373bf09eca915c56c079b2fe408d66dd22ec4a7d947d07c1476bfcd3cb94f	common_voice_vi_24458249.mp3	làm ơn cứu tôi	0	2	twenties	male			vi	
8df14452892cbbbd4ab12f7ad701fd0836dff864a48a7d22e0a9e85e38953411f6e373bf09eca915c56c079b2fe408d66dd22ec4a7d947d07c1476bfcd3cb94f	common_voice_vi_24458263.mp3	Tuấn cũng đi theo	0	2	twenties	male			vi	
8df14452892cbbbd4ab12f7ad701fd0836dff864a48a7d22e0a9e85e38953411f6e373bf09eca915c56c079b2fe408d66dd22ec4a7d947d07c1476bfcd3cb94f	common_voice_vi_24458264.mp3	Cảm tình chân thật	1	2	twenties	male			vi	
8df14452892cbbbd4ab12f7ad701fd0836dff864a48a7d22e0a9e85e38953411f6e373bf09eca915c56c079b2fe408d66dd22ec4a7d947d07c1476bfcd3cb94f	common_voice_vi_24458300.mp3	Đối với tất cả quý thính giả của nghe đọc truyện chấm net	0	2	twenties	male			vi	
8df14452892cbbbd4ab12f7ad701fd0836dff864a48a7d22e0a9e85e38953411f6e373bf09eca915c56c079b2fe408d66dd22ec4a7d947d07c1476bfcd3cb94f	common_voice_vi_24458350.mp3	Đẹp tâm hồn đâu cứ phải thật xinh	0	2	twenties	male			vi	
8df14452892cbbbd4ab12f7ad701fd0836dff864a48a7d22e0a9e85e38953411f6e373bf09eca915c56c079b2fe408d66dd22ec4a7d947d07c1476bfcd3cb94f	common_voice_vi_24458360.mp3	Cách đây tâm hai năm còm đi làm tật mặt ra ây chứ	0	2	twenties	male			vi	
8df14452892cbbbd4ab12f7ad701fd0836dff864a48a7d22e0a9e85e38953411f6e373bf09eca915c56c079b2fe408d66dd22ec4a7d947d07c1476bfcd3cb94f	common_voice_vi_24458979.mp3	bà tài giỏi còn không biết thì tìm giúp tôi có ích gì	0	2	twenties	male			vi	
8df14452892cbbbd4ab12f7ad701fd0836dff864a48a7d22e0a9e85e38953411f6e373bf09eca915c56c079b2fe408d66dd22ec4a7d947d07c1476bfcd3cb94f	common_voice_vi_24458980.mp3	Hai cậu tới lâu chưa	1	2	twenties	male			vi	
8df14452892cbbbd4ab12f7ad701fd0836dff864a48a7d22e0a9e85e38953411f6e373bf09eca915c56c079b2fe408d66dd22ec4a7d947d07c1476bfcd3cb94f	common_voice_vi_24462279.mp3	bọn tớ thì cũng thân thân vậy thôi	1	2	twenties	male			vi	
c14ad590de005be3a512e187900c5ad5c76921cf1883b3349cda8e57e390901f453aae312b3c027b31acc18b7e2f3e857b8f8618ab1eb3a0be7298f8d1c001ce	common_voice_vi_24467824.mp3	thằng bắn lén	1	2	sixties	male			vi	
c14ad590de005be3a512e187900c5ad5c76921cf1883b3349cda8e57e390901f453aae312b3c027b31acc18b7e2f3e857b8f8618ab1eb3a0be7298f8d1c001ce	common_voice_vi_24470396.mp3	Nhiều khi chỉ cần có một khách ngồi nói chuyện	1	2	sixties	male			vi	
c14ad590de005be3a512e187900c5ad5c76921cf1883b3349cda8e57e390901f453aae312b3c027b31acc18b7e2f3e857b8f8618ab1eb3a0be7298f8d1c001ce	common_voice_vi_24470404.mp3	Nguồn gốc của muôn ngàn khát vọng	0	2	sixties	male			vi	
c14ad590de005be3a512e187900c5ad5c76921cf1883b3349cda8e57e390901f453aae312b3c027b31acc18b7e2f3e857b8f8618ab1eb3a0be7298f8d1c001ce	common_voice_vi_24476121.mp3	Trong số tất cả các bạn học đại học	0	2	sixties	male			vi	
c14ad590de005be3a512e187900c5ad5c76921cf1883b3349cda8e57e390901f453aae312b3c027b31acc18b7e2f3e857b8f8618ab1eb3a0be7298f8d1c001ce	common_voice_vi_24476336.mp3	Xin lỗi anh Quân à	1	2	sixties	male			vi	
c14ad590de005be3a512e187900c5ad5c76921cf1883b3349cda8e57e390901f453aae312b3c027b31acc18b7e2f3e857b8f8618ab1eb3a0be7298f8d1c001ce	common_voice_vi_24494310.mp3	Mấy đêm liền nó toàn mơ thấy con bé kia trở về	1	2	sixties	male			vi	
c14ad590de005be3a512e187900c5ad5c76921cf1883b3349cda8e57e390901f453aae312b3c027b31acc18b7e2f3e857b8f8618ab1eb3a0be7298f8d1c001ce	common_voice_vi_24509384.mp3	Nhưng mà người sống mới là khó khăn	0	2	sixties	male			vi	
c14ad590de005be3a512e187900c5ad5c76921cf1883b3349cda8e57e390901f453aae312b3c027b31acc18b7e2f3e857b8f8618ab1eb3a0be7298f8d1c001ce	common_voice_vi_24509535.mp3	Nhưng mà Trinh cùng hai người bạn đang đứng chắn bên ngoài	0	2	sixties	male			vi	
c14ad590de005be3a512e187900c5ad5c76921cf1883b3349cda8e57e390901f453aae312b3c027b31acc18b7e2f3e857b8f8618ab1eb3a0be7298f8d1c001ce	common_voice_vi_24523392.mp3	Vậy còn cái thảo bà mau giúp nó đi	0	2	sixties	male			vi	
07d541d2d955cd28961991d4b263c99926d1b225e0e7b9a0f748e777e3054fdf6161966eaca054b4df75f55e6472351b906ed30a27ab64a5596f2a5b19634b08	common_voice_vi_24536475.mp3	To ra mỗi lúc	0	2					vi	
c14ad590de005be3a512e187900c5ad5c76921cf1883b3349cda8e57e390901f453aae312b3c027b31acc18b7e2f3e857b8f8618ab1eb3a0be7298f8d1c001ce	common_voice_vi_24546123.mp3	Hơi thở của chị Mỗi lúc một gấp gáp	0	2	sixties	male			vi	
65c6748259828e6a555b5abc44fe446b9908ffd0d1b45dee3babec8519ebb086159093f601ba26fbfb1f45e4e02556ed61c12849de8559005ed8afd8bdaf6dcf	common_voice_vi_24562282.mp3	tao thấy ở số nhà tao suốt ngày đánh chửi nhau	0	2	twenties	male			vi	
c14ad590de005be3a512e187900c5ad5c76921cf1883b3349cda8e57e390901f453aae312b3c027b31acc18b7e2f3e857b8f8618ab1eb3a0be7298f8d1c001ce	common_voice_vi_24583810.mp3	Thế bây giờ tôi cần phải làm gì	1	2	sixties	male			vi	
c14ad590de005be3a512e187900c5ad5c76921cf1883b3349cda8e57e390901f453aae312b3c027b31acc18b7e2f3e857b8f8618ab1eb3a0be7298f8d1c001ce	common_voice_vi_24623898.mp3	Ân cần chăm sóc	0	2	sixties	male			vi	
c14ad590de005be3a512e187900c5ad5c76921cf1883b3349cda8e57e390901f453aae312b3c027b31acc18b7e2f3e857b8f8618ab1eb3a0be7298f8d1c001ce	common_voice_vi_24754049.mp3	Hà thảng thốt nhìn Trinh rồi nói	0	2	sixties	male			vi	
c14ad590de005be3a512e187900c5ad5c76921cf1883b3349cda8e57e390901f453aae312b3c027b31acc18b7e2f3e857b8f8618ab1eb3a0be7298f8d1c001ce	common_voice_vi_24770276.mp3	Bạn bè lâu năm mới gặp chưa gì đã về	0	2	sixties	male			vi	
c14ad590de005be3a512e187900c5ad5c76921cf1883b3349cda8e57e390901f453aae312b3c027b31acc18b7e2f3e857b8f8618ab1eb3a0be7298f8d1c001ce	common_voice_vi_24777531.mp3	mãu cháu mới ấm trở lại được	0	2	sixties	male			vi	
064d3c54434519b1fcb4177bd63ba2f0b6aa5401993cf47df7418b82d3581309beea3ce2b3b2067497924cb569e34d4eabb1a2a673f951aaf7a4166eaa856200	common_voice_vi_24942336.mp3	Không thể nào	1	2					vi	
064d3c54434519b1fcb4177bd63ba2f0b6aa5401993cf47df7418b82d3581309beea3ce2b3b2067497924cb569e34d4eabb1a2a673f951aaf7a4166eaa856200	common_voice_vi_24942337.mp3	Mãi mãi không quên	0	2					vi	
b145cdf41b9a45130c31290e49b2ac27aea210d32de109f09e7bb5ab08a80f42abbf89d07607e18efa7e21719a8487df62036b08633f92ca36427d77e3f9bd28	common_voice_vi_25092560.mp3	chúa lòng lành	1	2	twenties	male			vi	
b145cdf41b9a45130c31290e49b2ac27aea210d32de109f09e7bb5ab08a80f42abbf89d07607e18efa7e21719a8487df62036b08633f92ca36427d77e3f9bd28	common_voice_vi_25092628.mp3	Mà chỉ nhìn kỹ anh ta rồi dò xét thêm	0	2	twenties	male			vi	
a06c1e43eb54d527b2f07c95637d6580b6251481f9cf96e5918c168cb43dc0d997e3524aa8b264a064f3f579d86fbb706061c7b147cc64a2ee8f4f936879d4fa	common_voice_vi_25122876.mp3	Chuyện là trước hôm thi lên cấp ba	0	2					vi	
7fcc751f9092083e8866cbd2b1bfdc9f548d0994e97a589f1c06782d30688a145fb3c657b3ee22e55ee505ef7715ecaf13438f1b5207484f20cd1aea2bf6edfb	common_voice_vi_25132480.mp3	Anh điện cũng chỉ được thắp sáng trong từng ngôi nhà	0	2	twenties	other			vi	
7fcc751f9092083e8866cbd2b1bfdc9f548d0994e97a589f1c06782d30688a145fb3c657b3ee22e55ee505ef7715ecaf13438f1b5207484f20cd1aea2bf6edfb	common_voice_vi_25132682.mp3	Tao với mày chơi với nhau từ hồi còn mẫu giáo tới giờ	0	2	twenties	other			vi	
c29d07b14c1806169f49b175b3bc29a620bd2d4c2291a4f8ecbe7dfbaf53fb40f990ebe6617dd1c281d09718ffab9a69d2fb615d19ba084288ba13d134253426	common_voice_vi_25223256.mp3	chúng tôi rất là hoang mang	0	2					vi	
c29d07b14c1806169f49b175b3bc29a620bd2d4c2291a4f8ecbe7dfbaf53fb40f990ebe6617dd1c281d09718ffab9a69d2fb615d19ba084288ba13d134253426	common_voice_vi_25223768.mp3	Anh về đây em vào trong nhà đi	0	2					vi	
c29d07b14c1806169f49b175b3bc29a620bd2d4c2291a4f8ecbe7dfbaf53fb40f990ebe6617dd1c281d09718ffab9a69d2fb615d19ba084288ba13d134253426	common_voice_vi_25223834.mp3	Ký ức khi mở đi qua cái cầu Nại Hà vẫn còn một chút	1	2					vi	
c29d07b14c1806169f49b175b3bc29a620bd2d4c2291a4f8ecbe7dfbaf53fb40f990ebe6617dd1c281d09718ffab9a69d2fb615d19ba084288ba13d134253426	common_voice_vi_25223843.mp3	tôi sợ sẽ không cứu được đâu	0	2					vi	
c29d07b14c1806169f49b175b3bc29a620bd2d4c2291a4f8ecbe7dfbaf53fb40f990ebe6617dd1c281d09718ffab9a69d2fb615d19ba084288ba13d134253426	common_voice_vi_25223857.mp3	Trên chiếc bàn đó ngoài hoa tươi bát nhang và đến thơm	0	2					vi	
c29d07b14c1806169f49b175b3bc29a620bd2d4c2291a4f8ecbe7dfbaf53fb40f990ebe6617dd1c281d09718ffab9a69d2fb615d19ba084288ba13d134253426	common_voice_vi_25223913.mp3	em liền hỏi lại	0	2					vi	
c29d07b14c1806169f49b175b3bc29a620bd2d4c2291a4f8ecbe7dfbaf53fb40f990ebe6617dd1c281d09718ffab9a69d2fb615d19ba084288ba13d134253426	common_voice_vi_25223965.mp3	Anh đèn đỏ lờ mở nơi cầu thang hắt lên ma mị	0	2					vi	
c29d07b14c1806169f49b175b3bc29a620bd2d4c2291a4f8ecbe7dfbaf53fb40f990ebe6617dd1c281d09718ffab9a69d2fb615d19ba084288ba13d134253426	common_voice_vi_25224059.mp3	Tuy nhiên mỗi người gặp một dạng khác nhau	0	2					vi	
c29d07b14c1806169f49b175b3bc29a620bd2d4c2291a4f8ecbe7dfbaf53fb40f990ebe6617dd1c281d09718ffab9a69d2fb615d19ba084288ba13d134253426	common_voice_vi_25224071.mp3	Vẫn còn chưa thấy tiến triển gì	0	2					vi	
c29d07b14c1806169f49b175b3bc29a620bd2d4c2291a4f8ecbe7dfbaf53fb40f990ebe6617dd1c281d09718ffab9a69d2fb615d19ba084288ba13d134253426	common_voice_vi_25224078.mp3	Hai người đừng có diễn trò trước mặt của tôi	0	2					vi	
c29d07b14c1806169f49b175b3bc29a620bd2d4c2291a4f8ecbe7dfbaf53fb40f990ebe6617dd1c281d09718ffab9a69d2fb615d19ba084288ba13d134253426	common_voice_vi_25224109.mp3	Chợt nghiêm sắc mặt lạ	0	2					vi	
c29d07b14c1806169f49b175b3bc29a620bd2d4c2291a4f8ecbe7dfbaf53fb40f990ebe6617dd1c281d09718ffab9a69d2fb615d19ba084288ba13d134253426	common_voice_vi_25224241.mp3	chúng tôi phải chiến đấu	0	2					vi	
c29d07b14c1806169f49b175b3bc29a620bd2d4c2291a4f8ecbe7dfbaf53fb40f990ebe6617dd1c281d09718ffab9a69d2fb615d19ba084288ba13d134253426	common_voice_vi_25224266.mp3	hà nhón tay với lấy điện thoại xem tin nhắn	0	2					vi	
c29d07b14c1806169f49b175b3bc29a620bd2d4c2291a4f8ecbe7dfbaf53fb40f990ebe6617dd1c281d09718ffab9a69d2fb615d19ba084288ba13d134253426	common_voice_vi_25224403.mp3	Cả vui buồn mọi nỗi	0	2					vi	
c29d07b14c1806169f49b175b3bc29a620bd2d4c2291a4f8ecbe7dfbaf53fb40f990ebe6617dd1c281d09718ffab9a69d2fb615d19ba084288ba13d134253426	common_voice_vi_25224539.mp3	Những giờ ra chơi	0	2					vi	
c29d07b14c1806169f49b175b3bc29a620bd2d4c2291a4f8ecbe7dfbaf53fb40f990ebe6617dd1c281d09718ffab9a69d2fb615d19ba084288ba13d134253426	common_voice_vi_25224788.mp3	Quả nhiên cánh cửa nơi phòng thờ kuman đang bị hé mở	0	2					vi	
c29d07b14c1806169f49b175b3bc29a620bd2d4c2291a4f8ecbe7dfbaf53fb40f990ebe6617dd1c281d09718ffab9a69d2fb615d19ba084288ba13d134253426	common_voice_vi_25224848.mp3	Thì anh ta lại không mảy may nhìn qua dù chỉ là một cái	0	2					vi	
c29d07b14c1806169f49b175b3bc29a620bd2d4c2291a4f8ecbe7dfbaf53fb40f990ebe6617dd1c281d09718ffab9a69d2fb615d19ba084288ba13d134253426	common_voice_vi_25224877.mp3	Là bóng rợp trên con đường nắng lửa	1	2					vi	
c29d07b14c1806169f49b175b3bc29a620bd2d4c2291a4f8ecbe7dfbaf53fb40f990ebe6617dd1c281d09718ffab9a69d2fb615d19ba084288ba13d134253426	common_voice_vi_25224928.mp3	cô hỏi thì nói bảo bận ôn thi cấp ba	0	2					vi	
b5a488f63805ea511df396c46afe3819f6ee9f3dbdf3bea06d208b7384c8d1555ecb87657e9612d56ee44ee68645fe73027aa024d171a493bcf3ce6c4d98892f	common_voice_vi_25225885.mp3	Trước mối tình ai đang dấy lên.	0	2	twenties	male			vi	
b5a488f63805ea511df396c46afe3819f6ee9f3dbdf3bea06d208b7384c8d1555ecb87657e9612d56ee44ee68645fe73027aa024d171a493bcf3ce6c4d98892f	common_voice_vi_25226029.mp3	vì rằng sinh ra con bé của một nốt ruồi chết yểu	0	2	twenties	male			vi	
b5a488f63805ea511df396c46afe3819f6ee9f3dbdf3bea06d208b7384c8d1555ecb87657e9612d56ee44ee68645fe73027aa024d171a493bcf3ce6c4d98892f	common_voice_vi_25226101.mp3	Thì chính bà đã gây ra cái chết cho họ	0	2	twenties	male			vi	
b5a488f63805ea511df396c46afe3819f6ee9f3dbdf3bea06d208b7384c8d1555ecb87657e9612d56ee44ee68645fe73027aa024d171a493bcf3ce6c4d98892f	common_voice_vi_25226115.mp3	giờ còn nghi kỵ như thế thì làm sao mà làm được cái gì	1	2	twenties	male			vi	
b5a488f63805ea511df396c46afe3819f6ee9f3dbdf3bea06d208b7384c8d1555ecb87657e9612d56ee44ee68645fe73027aa024d171a493bcf3ce6c4d98892f	common_voice_vi_25226203.mp3	Chị là ai	0	2	twenties	male			vi	
b5a488f63805ea511df396c46afe3819f6ee9f3dbdf3bea06d208b7384c8d1555ecb87657e9612d56ee44ee68645fe73027aa024d171a493bcf3ce6c4d98892f	common_voice_vi_25226248.mp3	Tháng năm vất vả	0	2	twenties	male			vi	
b5a488f63805ea511df396c46afe3819f6ee9f3dbdf3bea06d208b7384c8d1555ecb87657e9612d56ee44ee68645fe73027aa024d171a493bcf3ce6c4d98892f	common_voice_vi_25226343.mp3	Phải Đóng cửa lại cho con nó ngủ	1	2	twenties	male			vi	
b5a488f63805ea511df396c46afe3819f6ee9f3dbdf3bea06d208b7384c8d1555ecb87657e9612d56ee44ee68645fe73027aa024d171a493bcf3ce6c4d98892f	common_voice_vi_25226371.mp3	Tất cả đánh xe vào trong làng	1	2	twenties	male			vi	
b5a488f63805ea511df396c46afe3819f6ee9f3dbdf3bea06d208b7384c8d1555ecb87657e9612d56ee44ee68645fe73027aa024d171a493bcf3ce6c4d98892f	common_voice_vi_25226504.mp3	Đừng ôm gối chiếc, đêm nay ngủ...	0	2	twenties	male			vi	
b5a488f63805ea511df396c46afe3819f6ee9f3dbdf3bea06d208b7384c8d1555ecb87657e9612d56ee44ee68645fe73027aa024d171a493bcf3ce6c4d98892f	common_voice_vi_25226542.mp3	Bà đi đâu cả tháng rồi mà tôi tìm không có thấy	0	2	twenties	male			vi	
b5a488f63805ea511df396c46afe3819f6ee9f3dbdf3bea06d208b7384c8d1555ecb87657e9612d56ee44ee68645fe73027aa024d171a493bcf3ce6c4d98892f	common_voice_vi_25226900.mp3	Sao mày không giữ lời	0	2	twenties	male			vi	
c29d07b14c1806169f49b175b3bc29a620bd2d4c2291a4f8ecbe7dfbaf53fb40f990ebe6617dd1c281d09718ffab9a69d2fb615d19ba084288ba13d134253426	common_voice_vi_25246279.mp3	Đứng bật dậy ra khỏi giường	0	2					vi	
c29d07b14c1806169f49b175b3bc29a620bd2d4c2291a4f8ecbe7dfbaf53fb40f990ebe6617dd1c281d09718ffab9a69d2fb615d19ba084288ba13d134253426	common_voice_vi_25246310.mp3	Tuy nhi đã mất nhưng mà gặp cảnh này	1	2					vi	
c29d07b14c1806169f49b175b3bc29a620bd2d4c2291a4f8ecbe7dfbaf53fb40f990ebe6617dd1c281d09718ffab9a69d2fb615d19ba084288ba13d134253426	common_voice_vi_25246342.mp3	Cho nên là khi sống có thể thấy trước được chuyện của âm giới	0	2					vi	
c29d07b14c1806169f49b175b3bc29a620bd2d4c2291a4f8ecbe7dfbaf53fb40f990ebe6617dd1c281d09718ffab9a69d2fb615d19ba084288ba13d134253426	common_voice_vi_25246402.mp3	Nếu mà đúng như tôi dự đoán	1	2					vi	
c29d07b14c1806169f49b175b3bc29a620bd2d4c2291a4f8ecbe7dfbaf53fb40f990ebe6617dd1c281d09718ffab9a69d2fb615d19ba084288ba13d134253426	common_voice_vi_25247464.mp3	Tuy nhiên chính vẫn chờ đợi một điều gì đó	0	2					vi	
c29d07b14c1806169f49b175b3bc29a620bd2d4c2291a4f8ecbe7dfbaf53fb40f990ebe6617dd1c281d09718ffab9a69d2fb615d19ba084288ba13d134253426	common_voice_vi_25247473.mp3	Rộn vang tưng bừng	1	2					vi	
c29d07b14c1806169f49b175b3bc29a620bd2d4c2291a4f8ecbe7dfbaf53fb40f990ebe6617dd1c281d09718ffab9a69d2fb615d19ba084288ba13d134253426	common_voice_vi_25247576.mp3	Trước khi bước ra cửa bà ta còn quay lại dặn	1	2					vi	
c29d07b14c1806169f49b175b3bc29a620bd2d4c2291a4f8ecbe7dfbaf53fb40f990ebe6617dd1c281d09718ffab9a69d2fb615d19ba084288ba13d134253426	common_voice_vi_25247589.mp3	sau cùng mẹ em chốt lại	0	2					vi	
c29d07b14c1806169f49b175b3bc29a620bd2d4c2291a4f8ecbe7dfbaf53fb40f990ebe6617dd1c281d09718ffab9a69d2fb615d19ba084288ba13d134253426	common_voice_vi_25255254.mp3	Như vạn lời ca	0	2	teens	female			vi	
c29d07b14c1806169f49b175b3bc29a620bd2d4c2291a4f8ecbe7dfbaf53fb40f990ebe6617dd1c281d09718ffab9a69d2fb615d19ba084288ba13d134253426	common_voice_vi_25255265.mp3	Lúc Tỉnh dậy đã là sáng ngày hôm sau	0	2	teens	female			vi	
10130c82827316b51154d99705ec75a9a1fd70cee3739c2fcaa472edd643cc2b6a8755ed8eed0aea366ef5ebf13e2d45ee8e1e7e2c3fbbc7bdd70e8bb6e0cc64	common_voice_vi_25256117.mp3	Để Đông về ấm mãi tim côi	0	2					vi	
10130c82827316b51154d99705ec75a9a1fd70cee3739c2fcaa472edd643cc2b6a8755ed8eed0aea366ef5ebf13e2d45ee8e1e7e2c3fbbc7bdd70e8bb6e0cc64	common_voice_vi_25256147.mp3	Anh sắp lấy vợ mà còn đang đi với cô nào nữa	0	2	teens	male			vi	
10130c82827316b51154d99705ec75a9a1fd70cee3739c2fcaa472edd643cc2b6a8755ed8eed0aea366ef5ebf13e2d45ee8e1e7e2c3fbbc7bdd70e8bb6e0cc64	common_voice_vi_25256149.mp3	Tình thương quán cũng là nhà, lều tranh có nghĩa hơn tòa ngói cao.	0	2	teens	male			vi	
10130c82827316b51154d99705ec75a9a1fd70cee3739c2fcaa472edd643cc2b6a8755ed8eed0aea366ef5ebf13e2d45ee8e1e7e2c3fbbc7bdd70e8bb6e0cc64	common_voice_vi_25256178.mp3	Từ đấy thu rồi thu lại thu	0	2	teens	male			vi	
10130c82827316b51154d99705ec75a9a1fd70cee3739c2fcaa472edd643cc2b6a8755ed8eed0aea366ef5ebf13e2d45ee8e1e7e2c3fbbc7bdd70e8bb6e0cc64	common_voice_vi_25256204.mp3	Làm cho em tỉnh	0	2	teens	male			vi	
10130c82827316b51154d99705ec75a9a1fd70cee3739c2fcaa472edd643cc2b6a8755ed8eed0aea366ef5ebf13e2d45ee8e1e7e2c3fbbc7bdd70e8bb6e0cc64	common_voice_vi_25256233.mp3	Thân sâu hồn bướm	0	2	teens	male			vi	
10130c82827316b51154d99705ec75a9a1fd70cee3739c2fcaa472edd643cc2b6a8755ed8eed0aea366ef5ebf13e2d45ee8e1e7e2c3fbbc7bdd70e8bb6e0cc64	common_voice_vi_25256235.mp3	Trinh còn để cả hoa tươi vào nữa	0	2	teens	male			vi	
10130c82827316b51154d99705ec75a9a1fd70cee3739c2fcaa472edd643cc2b6a8755ed8eed0aea366ef5ebf13e2d45ee8e1e7e2c3fbbc7bdd70e8bb6e0cc64	common_voice_vi_25256236.mp3	Alo Anh Quân à	0	2	teens	male			vi	
10130c82827316b51154d99705ec75a9a1fd70cee3739c2fcaa472edd643cc2b6a8755ed8eed0aea366ef5ebf13e2d45ee8e1e7e2c3fbbc7bdd70e8bb6e0cc64	common_voice_vi_25256275.mp3	Tên cũ từ lâu bị lãng quên	0	2	teens	male			vi	
10130c82827316b51154d99705ec75a9a1fd70cee3739c2fcaa472edd643cc2b6a8755ed8eed0aea366ef5ebf13e2d45ee8e1e7e2c3fbbc7bdd70e8bb6e0cc64	common_voice_vi_25256276.mp3	Album ảnh đó chứa toàn hình của quân	0	2	teens	male			vi	
10130c82827316b51154d99705ec75a9a1fd70cee3739c2fcaa472edd643cc2b6a8755ed8eed0aea366ef5ebf13e2d45ee8e1e7e2c3fbbc7bdd70e8bb6e0cc64	common_voice_vi_25256288.mp3	giờ tất cả chờ đợi một lúc rồi sẽ làm lại	0	2	teens	male			vi	
10130c82827316b51154d99705ec75a9a1fd70cee3739c2fcaa472edd643cc2b6a8755ed8eed0aea366ef5ebf13e2d45ee8e1e7e2c3fbbc7bdd70e8bb6e0cc64	common_voice_vi_25256289.mp3	Nhưng mà chúng tôi cũng đã đi xem thầy rồi	1	2	teens	male			vi	
10130c82827316b51154d99705ec75a9a1fd70cee3739c2fcaa472edd643cc2b6a8755ed8eed0aea366ef5ebf13e2d45ee8e1e7e2c3fbbc7bdd70e8bb6e0cc64	common_voice_vi_25256290.mp3	Khi nào xảy ra chuyện đáng tiếc rồi hãy nói	1	2	teens	male			vi	
10130c82827316b51154d99705ec75a9a1fd70cee3739c2fcaa472edd643cc2b6a8755ed8eed0aea366ef5ebf13e2d45ee8e1e7e2c3fbbc7bdd70e8bb6e0cc64	common_voice_vi_25256303.mp3	Chú thợ sửa xe bảo là chả hỏng hóc gì cả	0	2	teens	male			vi	
10130c82827316b51154d99705ec75a9a1fd70cee3739c2fcaa472edd643cc2b6a8755ed8eed0aea366ef5ebf13e2d45ee8e1e7e2c3fbbc7bdd70e8bb6e0cc64	common_voice_vi_25256304.mp3	Một phú thảnh thơi	0	2	teens	male			vi	
bb99c0461bef56ce3ce86b249c3c08535a13f40084a6960c83cd1f6a122d3637d8d44b0aa4d0c5d0bf9eff39d77bf22d329dc0d0b0924aa3ae0af763e3c0e23f	common_voice_vi_25257428.mp3	Và cũng gặp nguy kịch nên phải đi viện cấp cứu	0	2	teens	female			vi	
bb99c0461bef56ce3ce86b249c3c08535a13f40084a6960c83cd1f6a122d3637d8d44b0aa4d0c5d0bf9eff39d77bf22d329dc0d0b0924aa3ae0af763e3c0e23f	common_voice_vi_25257465.mp3	Gió thổi và lạnh nên mẹ đóng cửa lại	1	2	teens	female			vi	
bb99c0461bef56ce3ce86b249c3c08535a13f40084a6960c83cd1f6a122d3637d8d44b0aa4d0c5d0bf9eff39d77bf22d329dc0d0b0924aa3ae0af763e3c0e23f	common_voice_vi_25257476.mp3	Cô bạn khẽ sờ vào tay của trinh lay lay thì chợt giật mình	0	2	teens	female			vi	
bb99c0461bef56ce3ce86b249c3c08535a13f40084a6960c83cd1f6a122d3637d8d44b0aa4d0c5d0bf9eff39d77bf22d329dc0d0b0924aa3ae0af763e3c0e23f	common_voice_vi_25257497.mp3	Anh đi đi, Em không là chiếc bóng	0	2	teens	female			vi	
bb99c0461bef56ce3ce86b249c3c08535a13f40084a6960c83cd1f6a122d3637d8d44b0aa4d0c5d0bf9eff39d77bf22d329dc0d0b0924aa3ae0af763e3c0e23f	common_voice_vi_25257531.mp3	mất cân bằng	0	2	teens	female			vi	
bb99c0461bef56ce3ce86b249c3c08535a13f40084a6960c83cd1f6a122d3637d8d44b0aa4d0c5d0bf9eff39d77bf22d329dc0d0b0924aa3ae0af763e3c0e23f	common_voice_vi_25257547.mp3	Để cho hai đứa thầm thì	0	2	teens	female			vi	
bb99c0461bef56ce3ce86b249c3c08535a13f40084a6960c83cd1f6a122d3637d8d44b0aa4d0c5d0bf9eff39d77bf22d329dc0d0b0924aa3ae0af763e3c0e23f	common_voice_vi_25257578.mp3	Để cho môi ngọt thắm thêm anh à	0	2	teens	female			vi	
bb99c0461bef56ce3ce86b249c3c08535a13f40084a6960c83cd1f6a122d3637d8d44b0aa4d0c5d0bf9eff39d77bf22d329dc0d0b0924aa3ae0af763e3c0e23f	common_voice_vi_25257674.mp3	bà ấy cũng tin mấy cái chuyện tâm linh này	0	2	teens	female			vi	
bb99c0461bef56ce3ce86b249c3c08535a13f40084a6960c83cd1f6a122d3637d8d44b0aa4d0c5d0bf9eff39d77bf22d329dc0d0b0924aa3ae0af763e3c0e23f	common_voice_vi_25257683.mp3	Nhưng mà vì con Thảo ngăn lại nên là con Thảo mới chết	1	2	teens	female			vi	
bb99c0461bef56ce3ce86b249c3c08535a13f40084a6960c83cd1f6a122d3637d8d44b0aa4d0c5d0bf9eff39d77bf22d329dc0d0b0924aa3ae0af763e3c0e23f	common_voice_vi_25257744.mp3	Tiếng nghịch ngợm đồ đạc đại loại là như vậy	0	2	teens	female			vi	
bb99c0461bef56ce3ce86b249c3c08535a13f40084a6960c83cd1f6a122d3637d8d44b0aa4d0c5d0bf9eff39d77bf22d329dc0d0b0924aa3ae0af763e3c0e23f	common_voice_vi_25257768.mp3	Thì ngay lập tức nó hét lên một cách đầy kinh sợ	0	2	teens	female			vi	
bb99c0461bef56ce3ce86b249c3c08535a13f40084a6960c83cd1f6a122d3637d8d44b0aa4d0c5d0bf9eff39d77bf22d329dc0d0b0924aa3ae0af763e3c0e23f	common_voice_vi_25257820.mp3	Nó toàn nói về chết chóc là lắm chú ạ	0	2	teens	female			vi	
bb99c0461bef56ce3ce86b249c3c08535a13f40084a6960c83cd1f6a122d3637d8d44b0aa4d0c5d0bf9eff39d77bf22d329dc0d0b0924aa3ae0af763e3c0e23f	common_voice_vi_25257836.mp3	Hình thể đó được dát những giá vàng óng ánh sáng lấp lánh	0	2	teens	female			vi	
bb99c0461bef56ce3ce86b249c3c08535a13f40084a6960c83cd1f6a122d3637d8d44b0aa4d0c5d0bf9eff39d77bf22d329dc0d0b0924aa3ae0af763e3c0e23f	common_voice_vi_25257859.mp3	Đêm...nhức nhối nỗi niềm riêng khôn tả	0	2	teens	female			vi	
bb99c0461bef56ce3ce86b249c3c08535a13f40084a6960c83cd1f6a122d3637d8d44b0aa4d0c5d0bf9eff39d77bf22d329dc0d0b0924aa3ae0af763e3c0e23f	common_voice_vi_25257864.mp3	Nó ngày xưa Từ hồi đi họccặp hết thằng này cho đến thằng khác	0	2	teens	female			vi	
bb99c0461bef56ce3ce86b249c3c08535a13f40084a6960c83cd1f6a122d3637d8d44b0aa4d0c5d0bf9eff39d77bf22d329dc0d0b0924aa3ae0af763e3c0e23f	common_voice_vi_25257987.mp3	Già làng ngoài ấy biết chuyện cũng tham gia đi tìm	0	2	teens	female			vi	
bb99c0461bef56ce3ce86b249c3c08535a13f40084a6960c83cd1f6a122d3637d8d44b0aa4d0c5d0bf9eff39d77bf22d329dc0d0b0924aa3ae0af763e3c0e23f	common_voice_vi_25258222.mp3	người nhà của thảo cũng tới ngay sau đó	1	2	teens	female			vi	
bb99c0461bef56ce3ce86b249c3c08535a13f40084a6960c83cd1f6a122d3637d8d44b0aa4d0c5d0bf9eff39d77bf22d329dc0d0b0924aa3ae0af763e3c0e23f	common_voice_vi_25258281.mp3	Chúng ta cần biết con quỷ đó là ai	0	2	teens	female			vi	
bb99c0461bef56ce3ce86b249c3c08535a13f40084a6960c83cd1f6a122d3637d8d44b0aa4d0c5d0bf9eff39d77bf22d329dc0d0b0924aa3ae0af763e3c0e23f	common_voice_vi_25258571.mp3	hà liền tiếp tục nói	0	2	teens	female			vi	
c29d07b14c1806169f49b175b3bc29a620bd2d4c2291a4f8ecbe7dfbaf53fb40f990ebe6617dd1c281d09718ffab9a69d2fb615d19ba084288ba13d134253426	common_voice_vi_25261447.mp3	Buổi sáng thức giấc	0	2	teens	female			vi	
262a0d9b3b69874fab1ce13cc9489c1f9ae0039ee95e7a3c2c7db4a892fb220f688164f88500795c45b63a1cb25dcb3601bd9efc4ffbb94042e8001b8320e10b	common_voice_vi_25273478.mp3	cậu thấy trong người sao rồi	0	2					vi	
10130c82827316b51154d99705ec75a9a1fd70cee3739c2fcaa472edd643cc2b6a8755ed8eed0aea366ef5ebf13e2d45ee8e1e7e2c3fbbc7bdd70e8bb6e0cc64	common_voice_vi_25631701.mp3	Trong thuật làm phép thì tôi biết là khi muốn giúp ai	1	2	teens	male			vi	
aa2551c635d6983273ab6a112a1d9dcf319f28b278a55bbf3d6f30bfaa36e68285d9e591658c25b08fc9a7a587dfcc7e9a49eba9478364a824102c36ec8cc075	common_voice_vi_25690059.mp3	Bên góc phố em còn qua mỗi sáng	1	2					vi	
aa2551c635d6983273ab6a112a1d9dcf319f28b278a55bbf3d6f30bfaa36e68285d9e591658c25b08fc9a7a587dfcc7e9a49eba9478364a824102c36ec8cc075	common_voice_vi_25690060.mp3	Tháng mười tháng mười đấy.	0	2					vi	
aa2551c635d6983273ab6a112a1d9dcf319f28b278a55bbf3d6f30bfaa36e68285d9e591658c25b08fc9a7a587dfcc7e9a49eba9478364a824102c36ec8cc075	common_voice_vi_25690180.mp3	Chớm đông rồi từng giọt nắng hanh hao	0	2					vi	
aa2551c635d6983273ab6a112a1d9dcf319f28b278a55bbf3d6f30bfaa36e68285d9e591658c25b08fc9a7a587dfcc7e9a49eba9478364a824102c36ec8cc075	common_voice_vi_25690181.mp3	Bà dã Quỳ	0	2					vi	
aa2551c635d6983273ab6a112a1d9dcf319f28b278a55bbf3d6f30bfaa36e68285d9e591658c25b08fc9a7a587dfcc7e9a49eba9478364a824102c36ec8cc075	common_voice_vi_25690183.mp3	Cô ta Nói như vậy là xong rồi	0	2					vi	
aa2551c635d6983273ab6a112a1d9dcf319f28b278a55bbf3d6f30bfaa36e68285d9e591658c25b08fc9a7a587dfcc7e9a49eba9478364a824102c36ec8cc075	common_voice_vi_25690340.mp3	Để cho ai đó mơ màng dáng ai	0	2					vi	
aa2551c635d6983273ab6a112a1d9dcf319f28b278a55bbf3d6f30bfaa36e68285d9e591658c25b08fc9a7a587dfcc7e9a49eba9478364a824102c36ec8cc075	common_voice_vi_25690341.mp3	thấy cách đáp cộc lốc của cô ta	0	2					vi	
aa2551c635d6983273ab6a112a1d9dcf319f28b278a55bbf3d6f30bfaa36e68285d9e591658c25b08fc9a7a587dfcc7e9a49eba9478364a824102c36ec8cc075	common_voice_vi_25690342.mp3	Tháng mười về anh chợt biết làm thơ	0	2					vi	
aa2551c635d6983273ab6a112a1d9dcf319f28b278a55bbf3d6f30bfaa36e68285d9e591658c25b08fc9a7a587dfcc7e9a49eba9478364a824102c36ec8cc075	common_voice_vi_25690806.mp3	Cho thêm rét mướt mảnh hồn đơn côi	0	2					vi	
aa2551c635d6983273ab6a112a1d9dcf319f28b278a55bbf3d6f30bfaa36e68285d9e591658c25b08fc9a7a587dfcc7e9a49eba9478364a824102c36ec8cc075	common_voice_vi_25690807.mp3	Ni giật mình	0	2					vi	
b5b9218efb4e1cbe9ecb3b71dc83cbd3bcfb23702e20b7bc5036dbeca03f82e420a237fa24c11340db1ce5bb00d7d790babcc44f6f1007ab3fee3f9356ddf960	common_voice_vi_25709086.mp3	Lời dẫn chương trình ngày thương binh liệt sỹ	1	2	twenties	female			vi	
b5b9218efb4e1cbe9ecb3b71dc83cbd3bcfb23702e20b7bc5036dbeca03f82e420a237fa24c11340db1ce5bb00d7d790babcc44f6f1007ab3fee3f9356ddf960	common_voice_vi_25709087.mp3	Hà ni vội hỏi	0	2	twenties	female			vi	
b5b9218efb4e1cbe9ecb3b71dc83cbd3bcfb23702e20b7bc5036dbeca03f82e420a237fa24c11340db1ce5bb00d7d790babcc44f6f1007ab3fee3f9356ddf960	common_voice_vi_25709088.mp3	Vào đêm run rẩy sầu cơn mưa nhỏ	1	2	twenties	female			vi	
b5b9218efb4e1cbe9ecb3b71dc83cbd3bcfb23702e20b7bc5036dbeca03f82e420a237fa24c11340db1ce5bb00d7d790babcc44f6f1007ab3fee3f9356ddf960	common_voice_vi_25709089.mp3	Câu hẹn thề rụng khẽ lá chơi vơi	0	2	twenties	female			vi	
b5b9218efb4e1cbe9ecb3b71dc83cbd3bcfb23702e20b7bc5036dbeca03f82e420a237fa24c11340db1ce5bb00d7d790babcc44f6f1007ab3fee3f9356ddf960	common_voice_vi_25709572.mp3	Mãi bên nhau xua tan đông lạnh giá	1	2	twenties	female			vi	
b5b9218efb4e1cbe9ecb3b71dc83cbd3bcfb23702e20b7bc5036dbeca03f82e420a237fa24c11340db1ce5bb00d7d790babcc44f6f1007ab3fee3f9356ddf960	common_voice_vi_25709575.mp3	Nghe trong gió một màu Đông bàng bạc	0	2	twenties	female			vi	
b5b9218efb4e1cbe9ecb3b71dc83cbd3bcfb23702e20b7bc5036dbeca03f82e420a237fa24c11340db1ce5bb00d7d790babcc44f6f1007ab3fee3f9356ddf960	common_voice_vi_25709794.mp3	Em chờ anh những thẹn thùng e ngại	1	2	twenties	female			vi	
b5b9218efb4e1cbe9ecb3b71dc83cbd3bcfb23702e20b7bc5036dbeca03f82e420a237fa24c11340db1ce5bb00d7d790babcc44f6f1007ab3fee3f9356ddf960	common_voice_vi_25709795.mp3	Chút se lạnh đã luồn trong nắng mới	0	2	twenties	female			vi	
b5b9218efb4e1cbe9ecb3b71dc83cbd3bcfb23702e20b7bc5036dbeca03f82e420a237fa24c11340db1ce5bb00d7d790babcc44f6f1007ab3fee3f9356ddf960	common_voice_vi_25709796.mp3	Anh nhặt về âu yếm những đêm mơ	0	2	twenties	female			vi	
b5b9218efb4e1cbe9ecb3b71dc83cbd3bcfb23702e20b7bc5036dbeca03f82e420a237fa24c11340db1ce5bb00d7d790babcc44f6f1007ab3fee3f9356ddf960	common_voice_vi_25709899.mp3	Mẹ gặng hỏi với câu nói chê bai	1	2	twenties	female			vi	
b5b9218efb4e1cbe9ecb3b71dc83cbd3bcfb23702e20b7bc5036dbeca03f82e420a237fa24c11340db1ce5bb00d7d790babcc44f6f1007ab3fee3f9356ddf960	common_voice_vi_25710406.mp3	Gió vi vu như ai đó dỗi hờn	1	2	twenties	female			vi	
b5b9218efb4e1cbe9ecb3b71dc83cbd3bcfb23702e20b7bc5036dbeca03f82e420a237fa24c11340db1ce5bb00d7d790babcc44f6f1007ab3fee3f9356ddf960	common_voice_vi_25721574.mp3	Tuyển tập bài thơ hay về Tình Yêu	0	2	twenties	female			vi	
b5b9218efb4e1cbe9ecb3b71dc83cbd3bcfb23702e20b7bc5036dbeca03f82e420a237fa24c11340db1ce5bb00d7d790babcc44f6f1007ab3fee3f9356ddf960	common_voice_vi_25721575.mp3	Lối em qua chân ngại ngùng chạm ngõ	1	2	twenties	female			vi	
b5b9218efb4e1cbe9ecb3b71dc83cbd3bcfb23702e20b7bc5036dbeca03f82e420a237fa24c11340db1ce5bb00d7d790babcc44f6f1007ab3fee3f9356ddf960	common_voice_vi_25721578.mp3	Lén tặng em như gã khờ chẳng hiểu	0	2	twenties	female			vi	
b5b9218efb4e1cbe9ecb3b71dc83cbd3bcfb23702e20b7bc5036dbeca03f82e420a237fa24c11340db1ce5bb00d7d790babcc44f6f1007ab3fee3f9356ddf960	common_voice_vi_25721612.mp3	Vẫn quay đều cùng mơ ước tuổi xanh..	1	2	twenties	female			vi	
b5b9218efb4e1cbe9ecb3b71dc83cbd3bcfb23702e20b7bc5036dbeca03f82e420a237fa24c11340db1ce5bb00d7d790babcc44f6f1007ab3fee3f9356ddf960	common_voice_vi_25721630.mp3	Lưng trời thơm như dải lụa	0	2	twenties	female			vi	
b5b9218efb4e1cbe9ecb3b71dc83cbd3bcfb23702e20b7bc5036dbeca03f82e420a237fa24c11340db1ce5bb00d7d790babcc44f6f1007ab3fee3f9356ddf960	common_voice_vi_25721633.mp3	Tháng mười về ta sánh bước bên nhau	1	2	twenties	female			vi	
b5b9218efb4e1cbe9ecb3b71dc83cbd3bcfb23702e20b7bc5036dbeca03f82e420a237fa24c11340db1ce5bb00d7d790babcc44f6f1007ab3fee3f9356ddf960	common_voice_vi_25721680.mp3	Cấu vào nỗi đau yên ắng	0	2	twenties	female			vi	
b5b9218efb4e1cbe9ecb3b71dc83cbd3bcfb23702e20b7bc5036dbeca03f82e420a237fa24c11340db1ce5bb00d7d790babcc44f6f1007ab3fee3f9356ddf960	common_voice_vi_25721681.mp3	Hay vô tình cơn gió sớm đùa trêu!?	1	2	twenties	female			vi	
b5b9218efb4e1cbe9ecb3b71dc83cbd3bcfb23702e20b7bc5036dbeca03f82e420a237fa24c11340db1ce5bb00d7d790babcc44f6f1007ab3fee3f9356ddf960	common_voice_vi_25721783.mp3	Nghiêng bên nào cũng nhớ quá Thu ơi!	1	2	twenties	female			vi	
b5b9218efb4e1cbe9ecb3b71dc83cbd3bcfb23702e20b7bc5036dbeca03f82e420a237fa24c11340db1ce5bb00d7d790babcc44f6f1007ab3fee3f9356ddf960	common_voice_vi_25722038.mp3	Mình đi ngay cho kịp	0	2	twenties	female			vi	
b5b9218efb4e1cbe9ecb3b71dc83cbd3bcfb23702e20b7bc5036dbeca03f82e420a237fa24c11340db1ce5bb00d7d790babcc44f6f1007ab3fee3f9356ddf960	common_voice_vi_25722063.mp3	Nắm tay em bối rối.	0	2	twenties	female			vi	
b5b9218efb4e1cbe9ecb3b71dc83cbd3bcfb23702e20b7bc5036dbeca03f82e420a237fa24c11340db1ce5bb00d7d790babcc44f6f1007ab3fee3f9356ddf960	common_voice_vi_25723313.mp3	Cứ Như Vậy Đi	1	2	twenties	female			vi	
b5b9218efb4e1cbe9ecb3b71dc83cbd3bcfb23702e20b7bc5036dbeca03f82e420a237fa24c11340db1ce5bb00d7d790babcc44f6f1007ab3fee3f9356ddf960	common_voice_vi_25723354.mp3	Cầu qua sương mờ che bóng	0	2	twenties	female			vi	
a39c47e5e81d39f3547fa28e841f9b46d7f810e0890d61c6d58330845bbef4dc1fab77ef0cc9e3d68177015e12e17b7f401bdf63054a4fdbcdddd88d482300aa	common_voice_vi_25795547.mp3	Vừa lúc ấy anh chàng xe thồ cũng vừa bước lên	0	2					vi	
a39c47e5e81d39f3547fa28e841f9b46d7f810e0890d61c6d58330845bbef4dc1fab77ef0cc9e3d68177015e12e17b7f401bdf63054a4fdbcdddd88d482300aa	common_voice_vi_25795548.mp3	Đời mênh mông che phủ áng mây mù	0	2					vi	
111f6ea5617c8ae86423059feb140643bdf4771159c9b464684bd88dfaaf7c25d9f7227bb83e663b73a78a1ba160bdef892265872dce95a9d49bc4a1fa406161	common_voice_vi_25867701.mp3	Nắng ngọt ngào toả rộng mọi miền xa	1	2					vi	
453aff70cbf0f699c75e6f630f8714a7d29902a1d9d2dd9616b07fbcd57493b742105260d6ff2397974de4c3e511e6ea355f4ca183d323c871975395743ed707	common_voice_vi_25950257.mp3	Hạt long lanh theo gió hát thì thầm	0	2	thirties	male			vi	
453aff70cbf0f699c75e6f630f8714a7d29902a1d9d2dd9616b07fbcd57493b742105260d6ff2397974de4c3e511e6ea355f4ca183d323c871975395743ed707	common_voice_vi_25950297.mp3	Trong khói thuốc và giận hờn nức nở	0	2	thirties	male			vi	
89b09fbbd965b88fe5a6019d28a6c7ed08f5137f789c39a62297deeac433497e263caece63128ff606123518e4716217b25899912eca0848e6494ea5543f2ea2	common_voice_vi_26066948.mp3	Giọt chờ tí tách âm như hồi chuông	0	2					vi	
2f5a7eadfd319fc2c8d0ffbaa896e4c43be84fca07b205897afcfc0401a65b1cff7d05f3f998a6d3756d62a5e60a094c63b6170fecb57db7d36e416b04ef4e45	common_voice_vi_26136668.mp3	Thật ra con cũng có người yêu rồi	0	2	thirties	male			vi	
2f5a7eadfd319fc2c8d0ffbaa896e4c43be84fca07b205897afcfc0401a65b1cff7d05f3f998a6d3756d62a5e60a094c63b6170fecb57db7d36e416b04ef4e45	common_voice_vi_26136670.mp3	Chút xao lòng tản mạn nhớ chơi vơi	1	2	thirties	male			vi	
2f5a7eadfd319fc2c8d0ffbaa896e4c43be84fca07b205897afcfc0401a65b1cff7d05f3f998a6d3756d62a5e60a094c63b6170fecb57db7d36e416b04ef4e45	common_voice_vi_26136683.mp3	Mối tình nồng anh gởi lại cho em!	1	2	thirties	male			vi	
2f5a7eadfd319fc2c8d0ffbaa896e4c43be84fca07b205897afcfc0401a65b1cff7d05f3f998a6d3756d62a5e60a094c63b6170fecb57db7d36e416b04ef4e45	common_voice_vi_26136684.mp3	Nhưng lấy một chiếc khăn sạch để cho họ lau và còn dặn	0	2	thirties	male			vi	
2f5a7eadfd319fc2c8d0ffbaa896e4c43be84fca07b205897afcfc0401a65b1cff7d05f3f998a6d3756d62a5e60a094c63b6170fecb57db7d36e416b04ef4e45	common_voice_vi_26136711.mp3	Mùa thu vắng những cơn mưa	0	2	thirties	male			vi	
2f5a7eadfd319fc2c8d0ffbaa896e4c43be84fca07b205897afcfc0401a65b1cff7d05f3f998a6d3756d62a5e60a094c63b6170fecb57db7d36e416b04ef4e45	common_voice_vi_26136713.mp3	Tới khi mà họ đi rồi thì tôi mới nhìn thấy ở bên đường	0	2	thirties	male			vi	
2e04dd8199f4daf06fe974c867bbb709c63191e64094313a2d458c86c78796465b5e3f370544eac068736885927b7eca956f22d90b8d0c9afb06dd746a4d117e	common_voice_vi_26227220.mp3	Nhưng chợt nhớ đấy là một cô gái người thiểu số	0	2					vi	
6bcd2a130eaead5654f96bc3e732837a51f54b699fad14855fb070adfa238e118369bf8bdf0e589e88e15332bed93c3d095a9d9503a6b1b83bc23e09523d822a	common_voice_vi_26735712.mp3	Hết u buồn cứ chảnh cứ làm duyên	0	2					vi	
1a85fc58ead4c89c7dd19d327a76b2eade7504fa3ccb9037302122c5cf18108a4903feb8baaaa1e417a9e47e85750fade8c52744e2ffaa3c4aab45cc1ca19e45	common_voice_vi_27053041.mp3	Để mùa Thu giận dỗi thoáng mưa buồn!	0	2					vi	
166192d7b3fa811e550bddc6d0c4b1543267ac478295ce0f6215b8bc9adc99baca51232355129b2c328a11618a4b97d691e57e034a5a2bf8776e881c5f06ff08	common_voice_vi_27128475.mp3	Vẫn hoang tàn xơ xác đầu con ngõ	0	2					vi	
166192d7b3fa811e550bddc6d0c4b1543267ac478295ce0f6215b8bc9adc99baca51232355129b2c328a11618a4b97d691e57e034a5a2bf8776e881c5f06ff08	common_voice_vi_27128476.mp3	Hà ni lo lắng hỏi	0	2					vi	
166192d7b3fa811e550bddc6d0c4b1543267ac478295ce0f6215b8bc9adc99baca51232355129b2c328a11618a4b97d691e57e034a5a2bf8776e881c5f06ff08	common_voice_vi_27128498.mp3	Hay vô tình như em đã quên tôi?	0	2					vi	
166192d7b3fa811e550bddc6d0c4b1543267ac478295ce0f6215b8bc9adc99baca51232355129b2c328a11618a4b97d691e57e034a5a2bf8776e881c5f06ff08	common_voice_vi_27128500.mp3	Bấc tràn về vuốt ve nhành hoa sữa	0	2					vi	
166192d7b3fa811e550bddc6d0c4b1543267ac478295ce0f6215b8bc9adc99baca51232355129b2c328a11618a4b97d691e57e034a5a2bf8776e881c5f06ff08	common_voice_vi_27128501.mp3	Mỗi khi mà có Đụng độ giữa bà len với ai đó	0	2					vi	
166192d7b3fa811e550bddc6d0c4b1543267ac478295ce0f6215b8bc9adc99baca51232355129b2c328a11618a4b97d691e57e034a5a2bf8776e881c5f06ff08	common_voice_vi_27128502.mp3	Tháng mười rồi mình cùng sánh bước chung	0	2					vi	
39cd5b42aabbdc3284e94f99bf0095fb35fc10efc9b43887d471d2747bd262a51d248e77f6459f17b876db3ff471b3e1d9a55656b433d37ea16d530b68dd38e3	common_voice_vi_27152799.mp3	Có một lần, người đã trót hẹn thề	1	2					vi	
e594c581da8f53cf2f6c24439ccb5d454522c95a73a5c7f8f9bc1bbc06aa0c177bcc99e8e8ca8f1bf2e1f6de8804eaf4debeb0b6777e3a6df72d6e00359a2cc1	common_voice_vi_27279570.mp3	Thu chưa phai vội bỡ ngỡ đông về	0	2					vi	
db5bb6e2e2b97f66417f320f9ba9b11aebbf96fa22e2aeeb0700f9e72ea2a59972fab11c80162a3c8dc9b299e58af2d2c804b1e56680825a25f8ac61917069b4	common_voice_vi_27404893.mp3	Từ dạo xa em cũng đã vừa mấy độ	0	2					vi	
456c7472ad4a0fb311604a4d0ca01a21c19cb7f261b2bea8cc234c98917df001ecda196ea2451061c63f246f8c20d0c55cfb121242744dd63a50a6f3417165d5	common_voice_vi_27636619.mp3	Thì cứ vui vẻ ở đây	0	2	twenties	male			vi	
456c7472ad4a0fb311604a4d0ca01a21c19cb7f261b2bea8cc234c98917df001ecda196ea2451061c63f246f8c20d0c55cfb121242744dd63a50a6f3417165d5	common_voice_vi_27636692.mp3	Tháng mười rồi, lành lạnh gió đông qua	0	2	twenties	male			vi	
456c7472ad4a0fb311604a4d0ca01a21c19cb7f261b2bea8cc234c98917df001ecda196ea2451061c63f246f8c20d0c55cfb121242744dd63a50a6f3417165d5	common_voice_vi_27636722.mp3	Mãi bên nhau xua tan đông lạnh giá	0	2	twenties	male			vi	
3302a8135317b45845242278469c1477fa2e3e69df82fbc61aeb3aef65010f5d8877ac8feaf727c36ffff2a2dd9dfd7f9a78c72d6348e08e79b9a920ba7b4106	common_voice_vi_27639874.mp3	Con hâm này	0	2					vi	
08110ec9e6b4fa98e39c1e95d6ba1981d325605952cc6e1ca508dd1649a88d071c759f3c2a9bbacd8e65181cae04d648d94680de4f6a3075401ed05351ef240e	common_voice_vi_27640410.mp3	Cây chẳng còn xạc xào rơi rụng lá	0	2					vi	
08110ec9e6b4fa98e39c1e95d6ba1981d325605952cc6e1ca508dd1649a88d071c759f3c2a9bbacd8e65181cae04d648d94680de4f6a3075401ed05351ef240e	common_voice_vi_27640529.mp3	Tháng mười rồi mình hò hẹn nhé anh	1	2					vi	
08110ec9e6b4fa98e39c1e95d6ba1981d325605952cc6e1ca508dd1649a88d071c759f3c2a9bbacd8e65181cae04d648d94680de4f6a3075401ed05351ef240e	common_voice_vi_27640997.mp3	Vậy nên em đừng bao giờ giận nhé	0	2					vi	
f1d701391d27293404025f8e28f0ea9d20dc9842aa22a60a431a25ff3b4a3d9696b62bc0f2ba8980590a46bb75a86d5d0dd66552ec31b842ecb6f3dc1b3c2368	common_voice_vi_27655570.mp3	Khi làn gió ngọt lành.	0	2					vi	
a94cc4cfae11629b30fdf76cecd585d5240b58eb5f79a3aa8ddcfb67320d937174dd4c1bbd711666eb1f82ccae32c280a075ff412aa8848998949b04eb0769a8	common_voice_vi_27678977.mp3	Đông sang rồi màu nắng cũng nhạt hơn	0	2					vi	
cb17b8986e1aa33940b81d5c88e780cc88204ac173d00373232778d5ce90a415e466b4a4dfea40c6ddeef74832ef807e7dcbce5ed47a487e87fb46145f5b20ed	common_voice_vi_28370454.mp3	Không biết gốc tích tên tuổi là gì cả	0	2					vi	
7606c9e1bbfc6ce41565a075ca737ceeeb5037f5a0407f904046eba8e068ed953726ee39fcaddf9789fb2b560e82cd46a31e367cc95e3586ed76e08cd265c190	common_voice_vi_28434617.mp3	Theo gió thu quyện thắm dạ ân tình	0	2	teens	male			vi	
7606c9e1bbfc6ce41565a075ca737ceeeb5037f5a0407f904046eba8e068ed953726ee39fcaddf9789fb2b560e82cd46a31e367cc95e3586ed76e08cd265c190	common_voice_vi_28434652.mp3	Cho hạnh phúc ấm dần quanh ngõ xóm	0	2	teens	male			vi	
7606c9e1bbfc6ce41565a075ca737ceeeb5037f5a0407f904046eba8e068ed953726ee39fcaddf9789fb2b560e82cd46a31e367cc95e3586ed76e08cd265c190	common_voice_vi_28440700.mp3	In bóng hình rạng rỡ đôi ta.	0	2	teens	male			vi	
7606c9e1bbfc6ce41565a075ca737ceeeb5037f5a0407f904046eba8e068ed953726ee39fcaddf9789fb2b560e82cd46a31e367cc95e3586ed76e08cd265c190	common_voice_vi_28443952.mp3	Bình minh chiếu rọi muôn ngàn ánh dương	0	2	teens	male			vi	
7606c9e1bbfc6ce41565a075ca737ceeeb5037f5a0407f904046eba8e068ed953726ee39fcaddf9789fb2b560e82cd46a31e367cc95e3586ed76e08cd265c190	common_voice_vi_28443959.mp3	Nhớ về anh, vàng au màu hoa ấy	0	2	teens	male			vi	
7606c9e1bbfc6ce41565a075ca737ceeeb5037f5a0407f904046eba8e068ed953726ee39fcaddf9789fb2b560e82cd46a31e367cc95e3586ed76e08cd265c190	common_voice_vi_28447575.mp3	Em về nghe tiếng gió ru	0	2	teens	male			vi	
8e0630cf30b0130abf816cde5ebcaa89a2128c0e494c4ed0000b5cdba3546e2a7ee983d2edc671d0d26ac6db1691da42c00747fdf54536c11f14c241a5ba4710	common_voice_vi_28565032.mp3	Thu nay còn lại ít ngày	0	2	twenties	male			vi	
7606c9e1bbfc6ce41565a075ca737ceeeb5037f5a0407f904046eba8e068ed953726ee39fcaddf9789fb2b560e82cd46a31e367cc95e3586ed76e08cd265c190	common_voice_vi_28612539.mp3	Tháng mười hạnh phúc ngập tràn	0	2	teens	male			vi	
bf7a5e4e6aff79adfe7ce5bf9f6807834058232836ebfb8ec6a6623b9ee4b3b965a32a512e741aec079358a0facb73c4a571d23203a5cf3c4368dd44dce9b5f9	common_voice_vi_28915174.mp3	Đi qua góc phố tháng mười	0	2					vi	
8df14452892cbbbd4ab12f7ad701fd0836dff864a48a7d22e0a9e85e38953411f6e373bf09eca915c56c079b2fe408d66dd22ec4a7d947d07c1476bfcd3cb94f	common_voice_vi_30615220.mp3	Trên tay cầm những vần thơ	0	2	twenties	male			vi	
bee0b0613a6c8130ea2e2fc26a8b47c3b4e63d275ce91307b63ccc010cf0ef6b2a29ee620893bb5c4552b610b64f783bdbc579ae6c7890d3e1850dc8d7136969	common_voice_vi_31450177.mp3	Con mình bé bỏng	0	3	fourties	male	Saigon accent,Southern accent		vi	
587408fce2a65688dfc2782f77c16a8246f02709236fa9577d4398aea98097491c23e367a39a1d70b74e176f033c0ffb4cf778a3a8d424a17db881ccccf8679a	common_voice_vi_32592624.mp3	Ở một mình có nhà thế này thì sướng quá rồi còn gì	0	2					vi	
91fd657131f6042447cb423115423c603b941eaaeb927aaeb0a7e5268368bec081714e85f781b575626ff45f639e83f397db33c53d878a1403bfebe0c44df1be	common_voice_vi_32643151.mp3	Bạt lưng trời thương lắm cánh chim di	0	2			Miền Trung		vi	
